,location,out,player,position,shot_aerial_won,shot_body_part,shot_deflected,shot_end_location,shot_first_time,shot_one_on_one,shot_open_goal,shot_outcome,shot_technique,shot_type,under_pressure,shot_saved_to_post,shot_saved_off_target,xG,match_id
3169,"[106.4, 57.4]",,Gonzalo Gerardo Higuaín,Right Center Forward,,Right Foot,,"[113.0, 45.2]",,,,Blocked,Normal,Open Play,,,,0.0012443988,3878546
3170,"[114.9, 46.7]",,Marek Hamšík,Left Center Midfield,,Right Foot,,"[120.0, 40.5, 0.2]",True,,,Goal,Half Volley,Open Play,True,,,0.9867039,3878546
3171,"[104.7, 49.4]",,Lorenzo Insigne,Center Attacking Midfield,,Right Foot,,"[109.1, 45.0]",True,,,Wayward,Volley,Open Play,,,,0.0008347573,3878546
3172,"[116.3, 44.9]",,Gonzalo Gerardo Higuaín,Right Center Forward,,Right Foot,,"[118.0, 43.5, 0.5]",True,,,Saved,Half Volley,Open Play,True,,,0.0048588375,3878546
3178,"[102.7, 61.1]",True,Lorenzo Insigne,Center Attacking Midfield,,Right Foot,,"[120.0, 18.4]",True,,,Wayward,Half Volley,Open Play,,,,0.002779607,3878546
3183,"[94.7, 37.4]",,Lorenzo Insigne,Center Attacking Midfield,,Right Foot,,"[97.8, 37.7]",True,,,Blocked,Normal,Open Play,,,,0.0021774627,3878546
3185,"[94.1, 28.4]",,Mirko Valdifiori,Center Defensive Midfield,,Right Foot,True,"[118.2, 37.5, 0.9]",True,,,Saved,Normal,Open Play,,,,0.0025758506,3878546
3188,"[94.9, 49.0]",,Dries Mertens,Left Center Forward,,Right Foot,,"[120.0, 35.1, 2.8]",,,,Off T,Normal,Free Kick,,,,0.002919165,3878546
3193,"[105.6, 49.1]",,Dries Mertens,Left Center Forward,,Left Foot,,"[120.0, 45.9, 0.2]",,,,Off T,Normal,Open Play,True,,,0.003330522,3878546
3194,"[97.8, 23.2]",,Dries Mertens,Left Center Forward,,Right Foot,,"[120.0, 35.2, 3.7]",,,,Off T,Normal,Free Kick,,,,0.0022374878,3878546
3195,"[100.9, 53.7]",,Manolo Gabbiadini,Right Center Forward,,Left Foot,,"[102.2, 52.8]",True,,,Blocked,Normal,Open Play,True,,,0.0007583444,3878546
3196,"[102.1, 29.5]",,Dries Mertens,Left Center Forward,,Right Foot,,"[120.0, 35.1, 0.2]",,,,Off T,Normal,Open Play,True,,,0.002309939,3878546
3197,"[102.7, 25.1]",,Marek Hamšík,Left Center Midfield,,Left Foot,True,"[118.1, 36.4, 0.2]",,,,Saved,Normal,Open Play,,,,0.00092277036,3878546
3199,"[111.0, 52.3]",True,José María Callejón Bueno,Left Center Forward,,Right Foot,,"[111.3, 0.1]",True,,,Wayward,Volley,Open Play,True,,,0.003310844,3878546
3200,"[104.0, 57.1]",,José María Callejón Bueno,Left Center Forward,,Right Foot,,"[120.0, 34.3, 0.2]",True,,,Off T,Half Volley,Open Play,,,,0.002838698,3878546
7518,"[98.6, 17.5]",,Lorenzo Insigne,Center Attacking Midfield,,Right Foot,,"[120.0, 36.4, 3.9]",,,,Off T,Normal,Open Play,,,,0.0034790142,3878558
7520,"[113.2, 34.3]",,Gonzalo Gerardo Higuaín,Left Center Forward,,Left Foot,,"[120.0, 42.4, 0.4]",True,,,Goal,Lob,Open Play,,,,0.99288964,3878558
7521,"[96.3, 26.0]",,Lorenzo Insigne,Center Attacking Midfield,,Right Foot,,"[120.0, 44.0, 1.1]",,,,Post,Normal,Open Play,,,,0.045398835,3878558
7523,"[95.4, 35.1]",,Gonzalo Gerardo Higuaín,Left Center Forward,,Left Foot,,"[120.0, 33.0, 5.6]",,,,Off T,Normal,Open Play,,,,0.0018912372,3878558
7525,"[108.9, 52.6]",,Gonzalo Gerardo Higuaín,Left Center Forward,,Right Foot,,"[109.8, 51.7]",True,,,Blocked,Normal,Open Play,True,,,0.0025059555,3878558
7526,"[116.0, 31.9]",,Gonzalo Gerardo Higuaín,Left Center Forward,,Left Foot,,"[120.0, 34.5, 0.5]",True,,,Off T,Half Volley,Open Play,,,,0.0075269807,3878558
7527,"[98.0, 72.9]",,Lorenzo Insigne,Center Attacking Midfield,,Right Foot,,"[120.0, 41.9, 4.1]",,,,Off T,Normal,Open Play,,,,0.004881603,3878558
7528,"[109.2, 26.7]",,Lorenzo Insigne,Center Attacking Midfield,,Left Foot,,"[120.0, 45.4, 1.4]",,,,Off T,Normal,Open Play,,,,0.018407367,3878558
7529,"[101.2, 22.6]",,Lorenzo Insigne,Center Attacking Midfield,,Right Foot,,"[104.4, 25.8]",,,,Blocked,Normal,Open Play,,,,0.0010007342,3878558
7532,"[110.4, 50.6]",,Gonzalo Gerardo Higuaín,Left Center Forward,,Right Foot,,"[120.0, 37.4, 0.3]",True,,,Goal,Half Volley,Open Play,,,,0.9888043,3878558
7533,"[90.3, 39.5]",,Lorenzo Insigne,Center Attacking Midfield,,Right Foot,,"[120.0, 33.0, 0.4]",,,,Off T,Normal,Open Play,,,,0.0049649864,3878558
7534,"[111.9, 42.6]",,Kalidou Koulibaly,Left Center Back,True,Head,,"[119.4, 38.9, 2.4]",,,,Saved,Normal,Open Play,True,,,0.003190502,3878558
7535,"[100.2, 38.8]",,Lorenzo Insigne,Center Attacking Midfield,,Left Foot,,"[102.6, 39.2]",,,,Blocked,Normal,Open Play,,,,0.0016780762,3878558
7536,"[105.1, 32.0]",,Lorenzo Insigne,Center Attacking Midfield,,Left Foot,,"[117.0, 39.0, 0.2]",,,,Saved,Normal,Open Play,,,,0.0012239092,3878558
7537,"[96.1, 56.9]",,Allan Marques Loureiro,Right Center Midfield,,Right Foot,,"[120.0, 31.3, 0.4]",,,,Off T,Normal,Open Play,,,,0.0049872743,3878558
7538,"[111.5, 55.7]",,Gonzalo Gerardo Higuaín,Left Center Forward,,Right Foot,,"[111.8, 55.1]",,,,Blocked,Normal,Open Play,True,,,0.0035836382,3878558
7541,"[97.0, 41.2]",,David López Silva,Right Center Midfield,,Right Foot,,"[116.4, 40.0, 0.2]",,,,Saved,Normal,Open Play,,,,0.0026438434,3878558
7543,"[89.6, 37.4]",,Lorenzo Insigne,Center Attacking Midfield,,Right Foot,,"[92.1, 37.4]",,,,Blocked,Normal,Open Play,True,,,0.0027385158,3878558
7544,"[105.1, 42.8]",,Gonzalo Gerardo Higuaín,Left Center Forward,,Head,,"[120.0, 25.9, 0.6]",,,,Off T,Normal,Open Play,,,,0.0028476692,3878558
7545,"[107.9, 41.0]",,Gonzalo Gerardo Higuaín,Left Center Forward,,Right Foot,,"[110.3, 40.3]",True,,,Blocked,Volley,Open Play,,,,0.0020662232,3878558
7546,"[98.9, 42.5]",,David López Silva,Right Center Midfield,,Right Foot,,"[120.0, 32.8, 4.2]",,,,Off T,Normal,Open Play,,,,0.0027160882,3878558
7547,"[99.2, 28.9]",,Marek Hamšík,Left Center Midfield,,Right Foot,,"[100.1, 29.3]",True,,,Blocked,Normal,Open Play,,,,0.0015093468,3878558
7548,"[108.0, 31.3]",,Lorenzo Insigne,Center Attacking Midfield,,Right Foot,,"[120.0, 45.0, 2.4]",True,,,Off T,Normal,Open Play,True,,,0.013981443,3878558
7549,"[108.1, 36.7]",,Raúl Albiol i Tortajada,Right Center Back,,Head,,"[118.3, 42.3, 1.3]",,,,Saved,Normal,Open Play,,,,0.0041393857,3878558
7552,"[107.6, 22.5]",,Lorenzo Insigne,Center Attacking Midfield,,Left Foot,,"[120.0, 36.2, 4.5]",,,,Off T,Normal,Open Play,,,,0.0015967808,3878558
7553,"[101.1, 24.5]",,Lorenzo Insigne,Center Attacking Midfield,,Right Foot,,"[117.9, 38.6, 1.7]",,,,Saved,Normal,Open Play,True,,,0.0011796874,3878558
7554,"[98.2, 44.3]",,David López Silva,Right Center Midfield,,Right Foot,,"[105.2, 41.7]",True,,,Blocked,Normal,Open Play,True,,,0.0024455832,3878558
11250,"[96.8, 50.2]",,Lorenzo Insigne,Center Attacking Midfield,,Right Foot,,"[120.0, 37.3, 1.4]",True,,,Goal,Normal,Open Play,,,,0.9466059,3878597
11252,"[95.2, 33.7]",,Gonzalo Gerardo Higuaín,Left Center Forward,,Right Foot,,"[120.0, 60.1, 4.2]",True,,,Off T,Normal,Open Play,True,,,0.0019653002,3878597
11256,"[97.3, 23.4]",,Marek Hamšík,Left Center Midfield,,Right Foot,,"[99.4, 24.8]",,,,Blocked,Normal,Open Play,,,,0.0015936808,3878597
11259,"[113.1, 27.7]",,Lorenzo Insigne,Center Attacking Midfield,,Left Foot,,"[114.2, 29.6]",,True,,Blocked,Normal,Open Play,,,,0.0031801306,3878597
11260,"[116.2, 28.8]",,Lorenzo Insigne,Center Attacking Midfield,,Right Foot,,"[119.1, 35.6, 0.4]",,,,Saved,Half Volley,Open Play,,,,0.004191415,3878597
11261,"[89.7, 45.8]",,Christian Maggio,Right Back,,Right Foot,,"[120.0, 52.1, 1.4]",True,,,Off T,Normal,Open Play,,,,0.0014824605,3878597
11263,"[84.6, 47.3]",,Manolo Gabbiadini,Right Center Forward,,Left Foot,,"[120.0, 46.4, 0.6]",,,,Off T,Normal,Open Play,,,,0.002042271,3878597
11264,"[89.8, 47.9]",,Manolo Gabbiadini,Right Center Forward,,Left Foot,,"[120.0, 33.5, 2.6]",,,,Off T,Normal,Free Kick,,,,0.00513015,3878597
11265,"[56.2, 61.2]",,Lorenzo Insigne,Center Attacking Midfield,,Right Foot,,"[120.0, 29.7, 1.0]",,,,Off T,Lob,Open Play,True,,,0.0046339086,3878597
11266,"[103.5, 58.4]",,Gonzalo Gerardo Higuaín,Left Center Forward,,Right Foot,,"[106.0, 55.0]",,,,Blocked,Normal,Open Play,,,,0.0009051835,3878597
11267,"[92.5, 39.1]",,Elseid Hysaj,Left Back,,Right Foot,,"[101.6, 33.2]",True,,,Wayward,Volley,Open Play,,,,0.0012226665,3878597
11268,"[110.8, 33.3]",,Allan Marques Loureiro,Right Center Midfield,,Right Foot,,"[120.0, 43.0, 0.6]",,,,Goal,Normal,Open Play,,,,0.9961196,3878597
11272,"[110.7, 28.0]",,Gonzalo Gerardo Higuaín,Left Center Forward,,Left Foot,,"[120.0, 47.0, 0.2]",True,,,Off T,Normal,Open Play,,,,0.037739765,3878597
11273,"[100.4, 34.5]",,Marek Hamšík,Left Center Midfield,,Left Foot,,"[120.0, 35.5, 3.0]",True,,,Off T,Half Volley,Open Play,,,,0.0012569784,3878597
11275,"[101.2, 22.6]",,Elseid Hysaj,Left Back,,Right Foot,,"[103.1, 24.6]",,,,Blocked,Normal,Open Play,,,,0.0008885264,3878597
11278,"[99.7, 39.8]",,José María Callejón Bueno,Right Wing,,Right Foot,,"[102.0, 40.1]",True,,,Blocked,Normal,Open Play,True,,,0.0018296725,3878597
11279,"[98.2, 39.9]",,Dries Mertens,Left Wing,,Left Foot,,"[100.5, 40.0]",,,,Blocked,Normal,Open Play,True,,,0.002603294,3878597
11280,"[101.2, 54.3]",,Marek Hamšík,Left Center Midfield,,Right Foot,,"[118.9, 43.5, 0.5]",True,,,Saved,Normal,Open Play,,,,0.001202846,3878597
15216,"[108.9, 39.2]",,Gonzalo Gerardo Higuaín,Center Forward,,Right Foot,,"[115.3, 39.5, 0.7]",True,,,Saved,Half Volley,Open Play,,,,0.005213202,3878604
15218,"[99.7, 46.6]",,Allan Marques Loureiro,Right Center Midfield,,Right Foot,,"[105.7, 43.8]",True,,,Blocked,Half Volley,Open Play,True,,,0.00081958954,3878604
15219,"[94.4, 27.3]",,Lorenzo Insigne,Left Wing,,Right Foot,,"[120.0, 42.1, 5.9]",,,,Off T,Normal,Open Play,,,,0.0067932736,3878604
15220,"[62.3, 62.6]",,Raúl Albiol i Tortajada,Right Center Back,,Right Foot,,"[120.0, 42.7, 4.0]",,,,Off T,Lob,Free Kick,,,,0.005559834,3878604
15221,"[96.9, 36.8]",,Gonzalo Gerardo Higuaín,Center Forward,,Right Foot,,"[120.0, 36.8, 0.4]",,,,Goal,Normal,Open Play,True,,,0.9429772,3878604
15222,"[111.5, 51.0]",,José María Callejón Bueno,Right Wing,,Right Foot,,"[117.1, 12.7]",True,,,Wayward,Volley,Open Play,,,,0.0024343692,3878604
15223,"[91.9, 28.2]",,Marek Hamšík,Left Center Midfield,,Left Foot,,"[117.2, 37.9, 0.2]",,,,Saved,Normal,Open Play,True,,,0.0022695074,3878604
15224,"[93.9, 42.4]",,Lorenzo Insigne,Left Wing,,Right Foot,,"[98.2, 41.5]",,,,Blocked,Normal,Open Play,True,,,0.003210413,3878604
15225,"[103.9, 42.2]",,Allan Marques Loureiro,Right Center Midfield,,Right Foot,,"[120.0, 42.1, 1.4]",,,,Goal,Normal,Open Play,True,,,0.95370793,3878604
15226,"[109.0, 29.4]",,Lorenzo Insigne,Left Wing,,Right Foot,,"[111.4, 32.0]",,,,Blocked,Normal,Open Play,True,,,0.0033058077,3878604
15227,"[103.0, 22.7]",,Lorenzo Insigne,Left Wing,,Right Foot,,"[117.9, 36.8, 0.3]",,,,Saved,Normal,Open Play,True,,,0.0020994393,3878604
15228,"[105.2, 38.6]",,Gonzalo Gerardo Higuaín,Center Forward,,Right Foot,,"[114.4, 38.6, 0.5]",,,,Saved,Normal,Open Play,,,,0.0033422206,3878604
15229,"[115.2, 31.6]",,Lorenzo Insigne,Left Wing,,Left Foot,,"[120.0, 37.8, 0.5]",True,,,Goal,Half Volley,Open Play,,,,0.98494637,3878604
15231,"[110.7, 52.6]",,Gonzalo Gerardo Higuaín,Center Forward,,Right Foot,,"[120.0, 37.3, 1.4]",,True,,Goal,Normal,Open Play,True,,,0.98662937,3878604
15234,"[107.7, 21.8]",,Manolo Gabbiadini,Center Forward,,Left Foot,,"[120.0, 35.2, 5.3]",,,,Off T,Normal,Open Play,,,,0.0022300645,3878604
15235,"[108.8, 29.5]",,Lorenzo Insigne,Left Wing,,Right Foot,,"[117.7, 36.7, 1.4]",,,,Saved,Normal,Open Play,True,,,0.0031716244,3878604
15237,"[100.5, 37.2]",,Manolo Gabbiadini,Center Forward,,Left Foot,,"[120.0, 40.2, 0.2]",True,,,Goal,Normal,Open Play,,,,0.9558765,3878604
15238,"[102.7, 23.2]",,Manolo Gabbiadini,Center Forward,,Left Foot,,"[120.0, 40.2, 4.8]",,,,Off T,Normal,Open Play,,,,0.0031607975,3878604
15242,"[91.3, 28.5]",,Omar El Kaddouri,Left Wing,,Right Foot,,"[120.0, 46.1, 6.8]",,,,Off T,Normal,Open Play,,,,0.0018525374,3878604
19023,"[98.4, 37.7]",,Lorenzo Insigne,Left Wing,,Right Foot,,"[101.6, 38.3]",,,,Blocked,Normal,Open Play,,,,0.0026485275,3879539
19025,"[93.7, 25.2]",,Dries Mertens,Right Wing,,Right Foot,,"[102.7, 29.2]",,,,Blocked,Normal,Free Kick,,,,0.0015074185,3879539
19027,"[99.4, 44.3]",,Gonzalo Gerardo Higuaín,Center Forward,,Right Foot,,"[120.0, 44.5, 3.9]",True,,,Off T,Normal,Open Play,,,,0.0015067274,3879539
19028,"[110.6, 44.2]",,Kalidou Koulibaly,Left Center Back,True,Head,,"[120.0, 30.7, 1.0]",,,,Off T,Normal,Open Play,True,,,0.005650982,3879539
19029,"[102.6, 37.9]",,Dries Mertens,Right Wing,,Left Foot,,"[104.0, 37.9]",True,,,Blocked,Normal,Open Play,,,,0.000975435,3879539
19031,"[112.6, 36.9]",,Marek Hamšík,Left Center Midfield,,Head,,"[118.1, 38.2, 1.2]",,,,Saved,Normal,Open Play,,,,0.0040507335,3879539
19032,"[107.1, 44.4]",,Gonzalo Gerardo Higuaín,Center Forward,,Right Foot,,"[108.1, 44.1]",,,,Blocked,Half Volley,Open Play,,,,0.001506115,3879539
19034,"[109.1, 46.9]",,Gonzalo Gerardo Higuaín,Center Forward,,Right Foot,,"[112.0, 44.4, 1.3]",True,,,Saved,Normal,Open Play,,,,0.00183124,3879539
19035,"[105.2, 50.1]",,Dries Mertens,Right Wing,,Right Foot,,"[106.1, 49.5]",,,,Blocked,Normal,Open Play,,,,0.0008753559,3879539
19036,"[108.8, 44.3]",,Raúl Albiol i Tortajada,Right Center Back,True,Head,,"[118.2, 40.8, 1.3]",,,,Saved,Normal,Open Play,True,,,0.0027784994,3879539
19038,"[94.5, 29.3]",,Marek Hamšík,Left Center Midfield,,Right Foot,,"[120.0, 42.2, 4.6]",,,,Off T,Normal,Open Play,True,,,0.0055073434,3879539
19040,"[93.4, 26.9]",,Lorenzo Insigne,Left Wing,,Right Foot,,"[120.0, 42.1, 4.2]",,,,Off T,Normal,Open Play,,,,0.0067932736,3879539
19041,"[92.9, 30.9]",,Lorenzo Insigne,Left Wing,,Right Foot,,"[120.0, 35.2, 0.9]",,,,Off T,Normal,Open Play,True,,,0.0052268305,3879539
19043,"[89.6, 35.4]",,Gonzalo Gerardo Higuaín,Center Forward,,Right Foot,,"[120.0, 41.2, 6.6]",,,,Off T,Normal,Open Play,,,,0.0050756866,3879539
19044,"[86.3, 26.7]",,Faouzi Ghoulam,Left Back,,Left Foot,,"[91.7, 28.7]",,,,Blocked,Normal,Open Play,,,,0.0013198635,3879539
19046,"[105.0, 26.8]",,Lorenzo Insigne,Left Wing,,Right Foot,,"[120.0, 43.7, 4.8]",,,,Off T,Normal,Open Play,,,,0.004226746,3879539
19047,"[83.2, 26.5]",,Lorenzo Insigne,Left Wing,,Right Foot,,"[120.0, 46.4, 5.7]",,,,Off T,Normal,Open Play,,,,0.0018525374,3879539
19048,"[109.4, 55.4]",,Lorenzo Insigne,Center Attacking Midfield,,Right Foot,,"[120.0, 45.1, 0.9]",True,,,Off T,Half Volley,Open Play,,,,0.013811814,3879539
19049,"[104.7, 41.8]",,Manolo Gabbiadini,Right Wing,,Left Foot,,"[120.0, 33.8, 1.0]",True,,,Off T,Half Volley,Open Play,,,,0.0018744844,3879539
19052,"[93.9, 32.8]",,Manolo Gabbiadini,Right Wing,,Left Foot,,"[96.2, 33.4]",,,,Blocked,Normal,Open Play,,,,0.0015422808,3879539
19053,"[92.0, 36.8]",,Manolo Gabbiadini,Right Wing,,Left Foot,,"[120.0, 45.9, 1.0]",,,,Off T,Normal,Open Play,,,,0.0015072396,3879539
23007,"[93.6, 18.9]",,Marek Hamšík,Left Center Midfield,,Right Foot,,"[120.0, 40.4, 7.1]",True,,,Off T,Half Volley,Open Play,,,,0.0041277986,3879548
23008,"[103.8, 37.4]",,Gonzalo Gerardo Higuaín,Center Forward,,Left Foot,,"[120.0, 37.3, 5.1]",True,,,Off T,Half Volley,Open Play,True,,,0.0045400155,3879548
23009,"[91.9, 35.0]",,Marek Hamšík,Left Center Midfield,,Right Foot,,"[117.6, 39.2, 0.5]",,,,Saved,Normal,Open Play,,,,0.002213674,3879548
23011,"[99.7, 28.4]",,Lorenzo Insigne,Left Wing,,Right Foot,,"[120.0, 48.6, 1.0]",,,,Off T,Normal,Open Play,,,,0.0036752545,3879548
23012,"[99.9, 38.0]",,Lorenzo Insigne,Left Wing,,Right Foot,,"[120.0, 37.5, 0.2]",True,,,Goal,Normal,Open Play,,,,0.971403,3879548
23014,"[106.2, 42.4]",,José María Callejón Bueno,Right Wing,,Left Foot,,"[120.0, 30.7, 1.2]",True,,,Off T,Half Volley,Open Play,True,,,0.0023231758,3879548
23015,"[108.5, 23.2]",,Dries Mertens,Left Wing,,Right Foot,,"[120.0, 47.8, 0.6]",,,,Off T,Normal,Open Play,,,,0.018648412,3879548
23019,"[103.1, 24.9]",,Dries Mertens,Left Wing,,Right Foot,,"[105.0, 26.8]",,,,Blocked,Normal,Open Play,,,,0.0011575144,3879548
23022,"[95.9, 40.9]",,Gonzalo Gerardo Higuaín,Center Forward,,Right Foot,,"[116.0, 40.8, 1.5]",True,,,Saved,Normal,Open Play,,,,0.0035646067,3879548
23023,"[109.7, 59.4]",,José María Callejón Bueno,Right Wing,,Right Foot,,"[110.8, 57.5]",,,,Blocked,Normal,Open Play,,,,0.0017242907,3879548
23024,"[108.5, 27.3]",,Gonzalo Gerardo Higuaín,Center Forward,,Left Foot,,"[120.0, 41.6, 1.5]",,,,Goal,Normal,Open Play,True,,,0.9800046,3879548
23026,"[96.1, 16.1]",,Faouzi Ghoulam,Left Back,,Left Foot,,"[117.3, 39.8, 0.5]",,,,Saved,Normal,Open Play,,,,0.0019098496,3879548
23028,"[97.6, 49.1]",,Dries Mertens,Left Wing,,Right Foot,,"[98.8, 48.8]",,,,Blocked,Normal,Open Play,,,,0.00083011703,3879548
23031,"[96.8, 3.6]",,Manolo Gabbiadini,Center Forward,,Left Foot,,"[120.0, 25.9, 0.9]",True,,,Off T,Normal,Open Play,,,,0.005069095,3879548
26938,"[107.1, 46.5]",,Allan Marques Loureiro,Right Center Midfield,,Right Foot,,"[120.0, 43.0, 0.0]",,True,,Goal,Normal,Open Play,,,,0.98276734,3879562
26940,"[94.7, 39.8]",,Gonzalo Gerardo Higuaín,Center Forward,,Left Foot,,"[115.8, 38.0, 0.3]",,,,Saved,Normal,Open Play,True,,,0.005145517,3879562
26943,"[100.5, 57.2]",,Gonzalo Gerardo Higuaín,Center Forward,,Right Foot,,"[120.0, 32.2, 0.2]",,,,Off T,Normal,Open Play,True,,,0.0067333905,3879562
26945,"[94.2, 29.6]",,Lorenzo Insigne,Left Wing,,Right Foot,,"[96.6, 30.5]",,,,Blocked,Normal,Open Play,,,,0.0021894742,3879562
26947,"[112.1, 44.6]",,Gonzalo Gerardo Higuaín,Center Forward,,Right Foot,,"[112.8, 44.1]",True,,,Blocked,Backheel,Open Play,True,,,0.002728407,3879562
26948,"[112.6, 30.4]",,Lorenzo Insigne,Left Wing,,Right Foot,,"[120.0, 42.8, 1.8]",True,,,Goal,Normal,Open Play,True,,,0.990917,3879562
26949,"[94.9, 46.6]",,Allan Marques Loureiro,Right Center Midfield,,Right Foot,,"[120.0, 36.1, 6.4]",True,,,Off T,Normal,Open Play,,,,0.002692536,3879562
26950,"[105.0, 28.6]",,Marek Hamšík,Left Center Midfield,,Left Foot,,"[106.3, 29.6]",True,,,Blocked,Normal,Open Play,,,,0.0007398955,3879562
26952,"[109.9, 49.4]",,José María Callejón Bueno,Right Wing,,Right Foot,,"[111.2, 47.8]",,,,Blocked,Normal,Open Play,True,,,0.0017242907,3879562
26954,"[94.4, 24.8]",,Lorenzo Insigne,Left Wing,,Right Foot,,"[120.0, 36.5, 2.0]",,,,Goal,Normal,Free Kick,,,,0.8527382,3879562
26956,"[115.1, 43.6]",,Manolo Gabbiadini,Center Forward,,Left Foot,,"[120.0, 45.8, 0.0]",True,,,Off T,Normal,Open Play,,,,0.013804332,3879562
30883,"[88.4, 28.6]",,Marek Hamšík,Left Center Midfield,,Right Foot,,"[118.5, 37.0, 1.3]",,,,Saved,Normal,Open Play,,,,0.0023165904,3879572
30884,"[91.7, 39.4]",,Lorenzo Insigne,Left Wing,,Right Foot,,"[118.4, 37.0, 1.1]",,,,Saved,Normal,Free Kick,,,,0.0027989459,3879572
30889,"[114.4, 43.2]",,Gonzalo Gerardo Higuaín,Center Forward,True,Head,,"[120.0, 45.4, 2.0]",,,,Off T,Normal,Open Play,True,,,0.010321131,3879572
30890,"[106.1, 26.6]",,Lorenzo Insigne,Left Wing,,Right Foot,,"[120.0, 43.9, 0.0]",True,,,Goal,Normal,Open Play,,,,0.9763866,3879572
30891,"[100.5, 43.9]",,Gonzalo Gerardo Higuaín,Center Forward,,Left Foot,,"[101.8, 43.7]",,,,Blocked,Normal,Open Play,,,,0.0017302204,3879572
30892,"[106.5, 55.8]",,Allan Marques Loureiro,Right Center Midfield,,Right Foot,,"[110.4, 50.6]",,,,Blocked,Normal,Open Play,,,,0.0011153298,3879572
30893,"[112.0, 38.2]",,Raúl Albiol i Tortajada,Right Center Back,,Head,,"[120.0, 36.6, 3.4]",,,,Off T,Normal,Open Play,,,,0.0059758215,3879572
30897,"[106.2, 50.9]",,José María Callejón Bueno,Right Wing,,Right Foot,,"[120.0, 21.8, 0.0]",,,,Off T,Normal,Open Play,,,,0.0031091725,3879572
30898,"[107.4, 62.0]",,Elseid Hysaj,Right Back,,Left Foot,,"[117.6, 44.4, 0.0]",,,,Saved,Normal,Open Play,True,,,0.0008728893,3879572
30899,"[94.5, 49.5]",,José María Callejón Bueno,Right Wing,,Right Foot,,"[120.0, 45.3, 2.0]",True,,,Off T,Half Volley,Open Play,,,,0.0013373105,3879572
30901,"[99.7, 38.2]",,Gonzalo Gerardo Higuaín,Center Forward,,Right Foot,,"[115.4, 38.0, 0.4]",,,,Saved,Normal,Open Play,,,,0.0045034736,3879572
30902,"[107.6, 33.9]",,Gonzalo Gerardo Higuaín,Center Forward,,Left Foot,,"[120.0, 42.3, 0.0]",,True,,Goal,Normal,Open Play,True,,,0.98589087,3879572
30903,"[96.3, 21.4]",,Omar El Kaddouri,Left Wing,,Right Foot,,"[104.6, 27.1]",,,,Blocked,Normal,Free Kick,,,,0.0021894742,3879572
34899,"[112.1, 54.4]",,José María Callejón Bueno,Right Wing,,Right Foot,,"[118.3, 44.2, 0.0]",,,,Saved,Normal,Open Play,,,,0.002275012,3879581
34901,"[97.4, 27.0]",,Marek Hamšík,Left Center Midfield,,Right Foot,,"[107.6, 34.3]",,,,Blocked,Normal,Open Play,True,,,0.0015936808,3879581
34902,"[109.4, 48.4]",,Gonzalo Gerardo Higuaín,Center Forward,,Right Foot,True,"[115.9, 44.4, 0.2]",,,,Saved to Post,Normal,Open Play,True,True,,0.0024522569,3879581
34903,"[99.0, 44.8]",,Marek Hamšík,Left Center Midfield,,Left Foot,,"[120.0, 43.1, 7.4]",True,,,Off T,Volley,Open Play,True,,,0.0057430593,3879581
34904,"[94.1, 49.8]",,Gonzalo Gerardo Higuaín,Center Forward,,Left Foot,,"[120.0, 38.4, 5.4]",,,,Off T,Half Volley,Open Play,,,,0.009010703,3879581
34905,"[93.5, 40.8]",True,Gonzalo Gerardo Higuaín,Center Forward,,Right Foot,,"[120.0, 36.1, 0.4]",,,,Post,Normal,Open Play,,,,0.009389237,3879581
34906,"[95.4, 33.3]",,Lorenzo Insigne,Left Wing,,Right Foot,,"[120.0, 32.2, 0.0]",,,,Off T,Normal,Open Play,,,,0.006568134,3879581
34908,"[108.0, 29.7]",,Lorenzo Insigne,Left Wing,,Left Foot,,"[110.4, 31.6]",,,,Blocked,Normal,Open Play,,,,0.0025076605,3879581
34909,"[107.7, 36.9]",,Lorenzo Insigne,Left Wing,,Right Foot,,"[113.5, 64.8]",True,,,Wayward,Half Volley,Open Play,,,,0.001722326,3879581
34910,"[96.6, 39.1]",,Lorenzo Insigne,Left Wing,,Right Foot,,"[114.5, 42.2, 1.3]",,,,Saved,Normal,Open Play,,,,0.002346692,3879581
34911,"[109.2, 32.2]",,Gonzalo Gerardo Higuaín,Center Forward,,Left Foot,,"[120.0, 36.9, 2.3]",True,,,Goal,Normal,Open Play,True,,,0.9748657,3879581
34912,"[108.6, 40.3]",,Gonzalo Gerardo Higuaín,Center Forward,,Left Foot,,"[120.0, 37.0, 4.3]",,,,Off T,Normal,Open Play,True,,,0.007821271,3879581
34913,"[103.4, 24.9]",,Kalidou Koulibaly,Left Center Back,,Left Foot,,"[116.9, 36.5, 0.2]",,,,Saved,Normal,Open Play,,,,0.00087930367,3879581
34914,"[103.8, 30.1]",,Marek Hamšík,Left Center Midfield,,Left Foot,,"[120.0, 37.3, 5.8]",,,,Off T,Normal,Open Play,True,,,0.0028700652,3879581
34915,"[97.3, 47.0]",,Allan Marques Loureiro,Right Center Midfield,,Right Foot,,"[120.0, 35.4, 0.1]",,,,Off T,Normal,Open Play,,,,0.0049872743,3879581
34917,"[103.2, 53.5]",,Dries Mertens,Left Wing,,Right Foot,,"[120.0, 34.8, 0.2]",,,,Off T,Normal,Open Play,,,,0.0035669007,3879581
34918,"[105.7, 44.1]",,Gonzalo Gerardo Higuaín,Center Forward,,Right Foot,,"[120.0, 36.9, 6.2]",True,,,Off T,Normal,Open Play,,,,0.0077377823,3879581
34922,"[99.5, 50.2]",,José María Callejón Bueno,Right Wing,,Left Foot,,"[103.1, 48.3]",,,,Blocked,Normal,Open Play,,,,0.000616158,3879581
39201,"[96.8, 41.9]",,David López Silva,Right Center Midfield,,Right Foot,,"[100.8, 41.3]",,,,Blocked,Normal,Open Play,,,,0.0026438434,3879593
39203,"[100.2, 33.2]",,Marek Hamšík,Left Center Midfield,,Left Foot,,"[120.0, 33.2, 1.6]",,,,Off T,Normal,Open Play,,,,0.0029666445,3879593
39204,"[106.6, 41.1]",,Gonzalo Gerardo Higuaín,Center Forward,True,Head,,"[118.0, 42.7, 0.6]",,,,Saved,Normal,Open Play,True,,,0.0041724904,3879593
39205,"[103.4, 31.4]",,Marek Hamšík,Left Center Midfield,,Right Foot,,"[120.0, 45.2, 0.2]",True,,,Off T,Normal,Open Play,True,,,0.0038633929,3879593
39207,"[99.6, 24.8]",,Lorenzo Insigne,Left Wing,,Right Foot,,"[120.0, 49.8, 6.8]",,,,Off T,Normal,Open Play,,,,0.0020291382,3879593
39208,"[101.3, 22.4]",,Lorenzo Insigne,Left Wing,,Right Foot,,"[120.0, 32.1, 1.3]",,,,Off T,Half Volley,Open Play,,,,0.0027136172,3879593
39209,"[101.8, 30.1]",,Gonzalo Gerardo Higuaín,Center Forward,,Right Foot,,"[116.3, 37.9, 0.2]",,,,Saved,Normal,Open Play,,,,0.0022608615,3879593
39210,"[104.9, 30.6]",,Gonzalo Gerardo Higuaín,Center Forward,,Left Foot,,"[107.2, 32.1]",,,,Blocked,Normal,Open Play,,,,0.0012430288,3879593
39212,"[110.5, 22.7]",,Lorenzo Insigne,Left Wing,,Left Foot,,"[117.3, 36.3, 1.7]",,,,Saved,Normal,Open Play,,,,0.0022993018,3879593
39213,"[107.0, 25.2]",,Lorenzo Insigne,Left Wing,,Left Foot,,"[115.2, 36.5, 0.3]",True,,,Saved to Post,Normal,Open Play,,True,,0.0018421464,3879593
39214,"[93.5, 48.2]",,Gonzalo Gerardo Higuaín,Center Forward,,Right Foot,,"[120.0, 36.8, 0.3]",,,,Goal,Normal,Open Play,,,,0.9619469,3879593
39216,"[98.8, 41.0]",,Gonzalo Gerardo Higuaín,Center Forward,,Right Foot,,"[117.1, 43.0, 0.4]",,,,Saved,Normal,Open Play,,,,0.0059190067,3879593
39217,"[97.3, 26.9]",,Marek Hamšík,Left Center Midfield,,Left Foot,,"[99.9, 28.8]",,,,Blocked,Normal,Open Play,,,,0.001395408,3879593
39220,"[101.0, 38.4]",,Marek Hamšík,Left Center Midfield,,Left Foot,,"[114.7, 38.8, 0.3]",,,,Saved,Normal,Open Play,,,,0.0014417706,3879593
39222,"[98.6, 29.1]",,Lorenzo Insigne,Left Wing,,Right Foot,,"[120.0, 46.2, 3.7]",,,,Off T,Normal,Open Play,,,,0.0018525374,3879593
39223,"[94.6, 49.3]",,Marek Hamšík,Left Center Midfield,,Right Foot,,"[120.0, 44.6, 7.0]",,,,Off T,Normal,Open Play,True,,,0.0009732553,3879593
39224,"[98.9, 35.0]",,Gonzalo Gerardo Higuaín,Center Forward,,Right Foot,,"[120.0, 44.0, 0.2]",True,,,Post,Normal,Open Play,True,,,0.056526337,3879593
39225,"[108.3, 49.6]",,José María Callejón Bueno,Right Wing,,Right Foot,,"[115.8, 43.5, 1.3]",True,,,Saved,Half Volley,Open Play,,,,0.0018941595,3879593
39226,"[103.5, 53.5]",,Allan Marques Loureiro,Right Center Midfield,,Right Foot,,"[120.0, 45.1, 5.8]",,,,Off T,Normal,Open Play,,,,0.00097587984,3879593
39227,"[100.5, 48.1]",,Allan Marques Loureiro,Right Center Midfield,,Right Foot,,"[102.6, 47.4]",,,,Blocked,Normal,Open Play,,,,0.00079434813,3879593
39228,"[109.0, 27.1]",,Dries Mertens,Left Wing,,Right Foot,,"[120.0, 36.0, 0.2]",,,,Post,Normal,Open Play,,,,0.008478113,3879593
39229,"[105.2, 26.5]",,Dries Mertens,Left Wing,,Right Foot,,"[120.0, 43.4, 0.5]",,,,Goal,Normal,Open Play,,,,0.982383,3879593
39230,"[94.3, 34.3]",,Allan Marques Loureiro,Right Center Midfield,,Right Foot,,"[97.7, 34.5]",,,,Blocked,Normal,Open Play,,,,0.0017863009,3879593
39231,"[94.1, 38.3]",,Dries Mertens,Left Wing,,Right Foot,,"[95.5, 38.4]",,,,Blocked,Normal,Open Play,,,,0.002785892,3879593
42671,"[105.3, 54.5]",,Gonzalo Gerardo Higuaín,Center Forward,,Right Foot,,"[107.5, 51.8]",True,,,Blocked,Normal,Open Play,,,,0.0015403185,3879604
42672,"[100.2, 51.5]",,José María Callejón Bueno,Right Wing,,Left Foot,,"[117.9, 39.8, 1.3]",,,,Saved,Normal,Open Play,,,,0.0014816448,3879604
42674,"[111.8, 25.2]",,Dries Mertens,Left Wing,,Right Foot,,"[120.0, 45.2, 0.8]",,,,Off T,Normal,Open Play,True,,,0.037139796,3879604
42675,"[114.1, 55.3]",,Dries Mertens,Left Wing,,Right Foot,,"[115.1, 53.0, 0.3]",True,,,Saved,Normal,Open Play,,,,0.0023377945,3879604
42678,"[106.6, 56.0]",,Gonzalo Gerardo Higuaín,Center Forward,,Right Foot,,"[120.0, 30.7, 0.5]",,,,Off T,Normal,Open Play,,,,0.0063173873,3879604
42680,"[86.2, 39.7]",,Elseid Hysaj,Right Back,,Left Foot,,"[99.1, 42.5]",True,,,Wayward,Half Volley,Open Play,,,,0.002474701,3879604
42681,"[97.4, 34.5]",,Gonzalo Gerardo Higuaín,Center Forward,,Right Foot,,"[120.0, 45.7, 4.7]",,,,Off T,Normal,Open Play,,,,0.0017095795,3879604
42684,"[110.9, 23.4]",,Dries Mertens,Left Wing,,Right Foot,,"[119.0, 35.9, 0.2]",,,,Saved,Normal,Open Play,True,,,0.0037406073,3879604
42685,"[105.2, 36.6]",,Gonzalo Gerardo Higuaín,Center Forward,,Right Foot,,"[113.0, 40.1]",,,,Blocked,Normal,Open Play,True,,,0.002530046,3879604
42687,"[107.7, 54.4]",,José María Callejón Bueno,Right Wing,,Right Foot,,"[120.0, 32.7, 0.2]",,,,Off T,Normal,Open Play,True,,,0.0031091725,3879604
42689,"[106.2, 35.6]",,Marek Hamšík,Left Center Midfield,,Right Foot,,"[118.3, 36.5, 0.5]",True,,,Saved,Volley,Open Play,,,,0.001647648,3879604
42690,"[99.5, 27.7]",,Lorenzo Insigne,Left Wing,,Right Foot,,"[101.3, 28.7]",,,,Blocked,Normal,Open Play,True,,,0.0022483936,3879604
42691,"[90.0, 35.9]",,Manolo Gabbiadini,Right Wing,,Left Foot,,"[92.7, 35.4]",,,,Blocked,Normal,Open Play,True,,,0.0011693733,3879604
42693,"[94.4, 48.5]",,Lorenzo Insigne,Left Wing,,Right Foot,,"[115.3, 43.9, 1.7]",,,,Saved,Normal,Open Play,,,,0.0007615939,3879604
42694,"[112.9, 37.7]",,Gonzalo Gerardo Higuaín,Center Forward,,Right Foot,,"[120.0, 35.3, 0.6]",True,,,Off T,Volley,Open Play,True,,,0.009213073,3879604
42695,"[92.7, 50.2]",,Manolo Gabbiadini,Right Wing,,Left Foot,True,"[119.2, 40.6, 0.4]",,,,Saved,Normal,Free Kick,,,,0.0020576075,3879604
42696,"[94.5, 37.2]",,Lorenzo Insigne,Left Wing,,Right Foot,,"[118.2, 43.1, 1.7]",,,,Saved,Normal,Open Play,True,,,0.0021041157,3879604
46314,"[92.0, 37.6]",,Lorenzo Insigne,Left Wing,,Right Foot,,"[103.5, 37.2]",,,,Blocked,Normal,Free Kick,,,,0.0034525504,3879609
46316,"[107.3, 35.0]",,Gonzalo Gerardo Higuaín,Center Forward,,Right Foot,,"[120.0, 35.3, 0.7]",,,,Off T,Half Volley,Open Play,True,,,0.0052238787,3879609
46319,"[111.8, 50.9]",,Gonzalo Gerardo Higuaín,Center Forward,,Right Foot,,"[113.7, 48.1, 0.8]",,True,,Saved,Normal,Open Play,,,,0.0026421153,3879609
46320,"[96.9, 36.1]",,Marek Hamšík,Left Center Midfield,,Left Foot,,"[120.0, 34.8, 1.5]",,,,Off T,Normal,Open Play,,,,0.003003986,3879609
46321,"[96.4, 48.5]",,Gonzalo Gerardo Higuaín,Center Forward,,Left Foot,,"[98.0, 47.8]",,,,Blocked,Normal,Open Play,True,,,0.0010116136,3879609
46322,"[109.4, 26.8]",,Gonzalo Gerardo Higuaín,Center Forward,,Left Foot,,"[120.0, 45.3, 0.2]",,,,Off T,Normal,Open Play,True,,,0.026413487,3879609
46323,"[107.1, 32.5]",,José María Callejón Bueno,Right Wing,,Right Foot,,"[108.2, 33.1]",True,,,Blocked,Backheel,Open Play,True,,,0.0014409744,3879609
46324,"[97.2, 46.8]",,Gonzalo Gerardo Higuaín,Center Forward,,Left Foot,,"[99.0, 46.3]",,,,Blocked,Normal,Open Play,True,,,0.0010116136,3879609
46325,"[102.6, 35.5]",,Marek Hamšík,Left Center Midfield,,Right Foot,,"[107.7, 37.4]",,,,Blocked,Normal,Open Play,,,,0.0015426442,3879609
46326,"[95.9, 55.7]",,Elseid Hysaj,Right Back,,Right Foot,,"[116.6, 41.7, 0.2]",,,,Saved,Normal,Open Play,True,,,0.002514881,3879609
46327,"[110.3, 26.8]",,Gonzalo Gerardo Higuaín,Center Forward,,Left Foot,,"[120.0, 43.4, 0.3]",,True,,Goal,Normal,Open Play,,,,0.9911116,3879609
46329,"[111.0, 44.4]",,Lorenzo Insigne,Left Wing,,Right Foot,,"[117.8, 41.3, 0.5]",True,,,Saved,Overhead Kick,Open Play,,,,0.0038153855,3879609
46330,"[107.2, 55.3]",,Gonzalo Gerardo Higuaín,Center Forward,,Right Foot,,"[120.0, 35.3, 3.3]",True,,,Off T,Lob,Open Play,True,,,0.0026551485,3879609
46332,"[95.5, 29.1]",,Lorenzo Insigne,Left Wing,,Right Foot,,"[117.6, 43.4, 1.2]",,,,Saved Off Target,Half Volley,Open Play,,,True,0.001769497,3879609
46334,"[107.1, 39.4]",,Gonzalo Gerardo Higuaín,Center Forward,,Right Foot,,"[110.1, 39.4]",True,,,Blocked,Normal,Open Play,,,,0.0031940283,3879609
46336,"[113.9, 53.1]",,Elseid Hysaj,Right Back,,Right Foot,,"[119.0, 44.5, 1.9]",,True,,Saved,Normal,Open Play,True,,,0.0017295822,3879609
50514,"[114.5, 48.1]",,Marek Hamšík,Left Center Midfield,,Right Foot,,"[117.9, 43.9, 0.5]",,True,,Saved,Normal,Open Play,True,,,0.0040081413,3879620
50515,"[101.6, 46.7]",,Gonzalo Gerardo Higuaín,Center Forward,,Right Foot,,"[120.0, 34.1, 0.5]",True,,,Off T,Half Volley,Open Play,,,,0.0048302882,3879620
50516,"[96.8, 30.2]",,Gonzalo Gerardo Higuaín,Center Forward,,Left Foot,,"[98.9, 31.0]",,,,Blocked,Normal,Open Play,,,,0.0023020841,3879620
50517,"[114.5, 55.6]",,Gonzalo Gerardo Higuaín,Center Forward,,Right Foot,,"[120.0, 49.6, 2.7]",True,,,Off T,Half Volley,Open Play,True,,,0.0037835715,3879620
50518,"[92.5, 34.5]",,Marek Hamšík,Left Center Midfield,,Right Foot,,"[120.0, 35.3, 2.9]",,,,Off T,Normal,Open Play,True,,,0.002038203,3879620
50519,"[91.0, 21.8]",,Lorenzo Insigne,Left Wing,,Right Foot,,"[117.1, 41.7, 1.3]",True,,,Saved,Normal,Open Play,,,,0.0023771499,3879620
50520,"[94.3, 35.1]",,Gonzalo Gerardo Higuaín,Center Forward,,Left Foot,,"[117.5, 40.1, 0.2]",,,,Saved,Normal,Open Play,True,,,0.002741874,3879620
50521,"[88.7, 29.0]",,Lorenzo Insigne,Left Wing,,Right Foot,,"[120.0, 47.0, 1.3]",,,,Off T,Normal,Open Play,,,,0.00335587,3879620
50522,"[113.9, 51.4]",,Gonzalo Gerardo Higuaín,Center Forward,,Right Foot,,"[118.6, 44.9, 1.1]",True,,,Saved,Normal,Open Play,True,,,0.0022092822,3879620
50523,"[89.6, 45.2]",,Marek Hamšík,Left Center Midfield,,Right Foot,,"[120.0, 30.8, 0.5]",,,,Off T,Normal,Open Play,True,,,0.0053437073,3879620
50525,"[90.6, 29.3]",,Jorge Luiz Frello Filho,Center Defensive Midfield,,Right Foot,,"[120.0, 49.4, 6.0]",,,,Off T,Normal,Open Play,,,,0.0015619664,3879620
50526,"[103.8, 39.5]",,Lorenzo Insigne,Left Wing,,Right Foot,,"[120.0, 38.0, 0.2]",,,,Goal,Normal,Open Play,,,,0.96253335,3879620
50528,"[95.7, 39.7]",,Gonzalo Gerardo Higuaín,Center Forward,,Right Foot,,"[120.0, 45.1, 0.5]",,,,Off T,Normal,Open Play,True,,,0.0038625048,3879620
50529,"[87.4, 39.6]",,Marek Hamšík,Left Center Midfield,,Left Foot,,"[120.0, 31.2, 5.3]",,,,Off T,Normal,Open Play,,,,0.0025163947,3879620
50530,"[115.5, 38.7]",,Gonzalo Gerardo Higuaín,Center Forward,,Left Foot,,"[120.0, 40.3, 0.3]",True,,,Goal,Normal,Open Play,True,,,0.9828683,3879620
50531,"[96.2, 27.8]",,Jorge Luiz Frello Filho,Center Defensive Midfield,,Right Foot,,"[118.0, 38.5, 0.3]",,,,Saved,Normal,Open Play,,,,0.0024300735,3879620
50532,"[110.3, 47.4]",,Gonzalo Gerardo Higuaín,Center Forward,,Right Foot,,"[112.1, 46.0, 0.5]",True,,,Saved,Normal,Open Play,,,,0.002728407,3879620
50533,"[106.3, 39.1]",,Vlad Iulian Chiricheș,Left Center Back,True,Head,,"[109.6, 36.8]",,,,Wayward,Normal,Open Play,True,,,0.0025121397,3879620
50534,"[110.7, 24.8]",True,Gonzalo Gerardo Higuaín,Center Forward,,Left Foot,,"[117.4, 80.0]",True,,,Wayward,Half Volley,Open Play,True,,,0.004718112,3879620
50536,"[107.2, 49.3]",,Omar El Kaddouri,Right Wing,,Right Foot,,"[120.0, 31.1, 0.2]",,,,Off T,Normal,Open Play,,,,0.0031091725,3879620
50537,"[111.3, 45.3]",,Gonzalo Gerardo Higuaín,Center Forward,,Right Foot,,"[115.9, 42.9, 0.2]",,,,Saved,Normal,Open Play,,,,0.009763021,3879620
50538,"[110.6, 41.4]",,Vlad Iulian Chiricheș,Left Center Back,True,Head,,"[111.1, 40.5]",,,,Wayward,Normal,Open Play,True,,,0.0042016013,3879620
50539,"[116.1, 50.7]",,Gonzalo Gerardo Higuaín,Center Forward,,Right Foot,,"[116.5, 49.9, 0.3]",True,,,Saved,Normal,Open Play,,,,0.002728407,3879620
54793,"[105.9, 47.0]",,Gonzalo Gerardo Higuaín,Center Forward,,Right Foot,,"[120.0, 42.8, 1.3]",,,,Goal,Normal,Open Play,True,,,0.9849716,3879635
54794,"[109.2, 48.6]",True,José María Callejón Bueno,Right Wing,,Right Foot,,"[120.0, 59.9]",True,,,Wayward,Half Volley,Open Play,,,,0.007759832,3879635
54795,"[102.4, 23.9]",,Marek Hamšík,Left Center Midfield,,Left Foot,,"[120.0, 33.8, 6.7]",True,,,Off T,Normal,Open Play,,,,0.0010276928,3879635
54796,"[104.7, 19.6]",,Lorenzo Insigne,Left Wing,,Right Foot,,"[106.8, 22.8]",True,,,Blocked,Normal,Open Play,,,,0.0010902097,3879635
54800,"[101.4, 41.8]",,Gonzalo Gerardo Higuaín,Center Forward,,Right Foot,,"[102.8, 41.6]",,,,Blocked,Normal,Open Play,True,,,0.0026537522,3879635
54803,"[81.6, 39.9]",,Faouzi Ghoulam,Left Back,,Left Foot,,"[120.0, 43.3, 7.5]",,,,Off T,Normal,Free Kick,,,,0.001971568,3879635
54804,"[112.1, 33.0]",,Gonzalo Gerardo Higuaín,Center Forward,True,Head,,"[120.0, 32.2, 4.7]",,,,Off T,Normal,Open Play,True,,,0.0038630352,3879635
54806,"[110.0, 30.3]",,Marek Hamšík,Left Center Midfield,,Head,,"[116.9, 35.3, 1.1]",,,,Saved,Normal,Open Play,,,,0.0020994602,3879635
54807,"[93.8, 46.0]",,Allan Marques Loureiro,Right Center Midfield,,Right Foot,,"[120.0, 41.6, 5.2]",,,,Off T,Normal,Open Play,,,,0.004555852,3879635
54808,"[106.0, 49.8]",,Gonzalo Gerardo Higuaín,Center Forward,,Right Foot,,"[120.0, 37.3, 1.1]",,True,,Goal,Normal,Open Play,,,,0.9825848,3879635
54811,"[107.9, 23.7]",,Lorenzo Insigne,Left Wing,,Right Foot,,"[108.4, 24.3]",,,,Blocked,Normal,Open Play,,,,0.001942303,3879635
54814,"[103.4, 30.7]",,Gonzalo Gerardo Higuaín,Center Forward,,Left Foot,,"[114.8, 38.8, 0.8]",,,,Saved,Normal,Open Play,True,,,0.0016063788,3879635
59185,"[88.1, 34.5]",,Lorenzo Insigne,Left Wing,,Right Foot,,"[120.0, 34.6, 0.8]",,,,Off T,Normal,Open Play,,,,0.0044603986,3879645
59186,"[108.8, 53.1]",,José María Callejón Bueno,Right Wing,,Right Foot,,"[117.5, 43.7, 0.5]",,,,Saved,Normal,Open Play,,,,0.0025364622,3879645
59190,"[112.1, 34.8]",,Lorenzo Insigne,Left Wing,,Head,,"[118.7, 36.9, 2.1]",,,,Saved,Normal,Open Play,,,,0.0026943805,3879645
59191,"[100.0, 40.1]",,Gonzalo Gerardo Higuaín,Center Forward,,Right Foot,,"[104.1, 40.6]",,,,Blocked,Normal,Open Play,,,,0.005260795,3879645
59192,"[105.9, 50.9]",,José María Callejón Bueno,Right Wing,,Left Foot,True,"[118.9, 44.0, 0.9]",True,,,Saved to Post,Volley,Open Play,,True,,0.0006239236,3879645
59193,"[105.4, 39.3]",,Gonzalo Gerardo Higuaín,Center Forward,,Right Foot,,"[120.0, 37.4, 6.4]",True,,,Off T,Normal,Open Play,,,,0.0067247283,3879645
59194,"[101.3, 30.0]",,Allan Marques Loureiro,Right Center Midfield,,Right Foot,,"[120.0, 45.5, 0.5]",,,,Off T,Normal,Open Play,,,,0.003676912,3879645
59197,"[100.8, 21.7]",,Lorenzo Insigne,Left Wing,,Right Foot,,"[106.1, 27.5]",,,,Blocked,Normal,Open Play,,,,0.001466679,3879645
59198,"[115.1, 37.6]",,Gonzalo Gerardo Higuaín,Center Forward,,Head,,"[116.5, 37.7, 1.7]",,,,Saved,Normal,Open Play,,,,0.0034912475,3879645
59203,"[92.0, 28.3]",,Dries Mertens,Right Wing,,Right Foot,,"[117.8, 35.9, 0.5]",,,,Saved,Normal,Open Play,,,,0.0015074185,3879645
59205,"[104.3, 30.4]",,Marek Hamšík,Left Center Midfield,,Right Foot,,"[105.7, 31.3]",,,,Blocked,Normal,Open Play,True,,,0.0009164045,3879645
59206,"[104.0, 56.4]",,Lorenzo Insigne,Left Wing,,Right Foot,,"[120.0, 44.2, 6.3]",,,,Off T,Normal,Open Play,,,,0.0011127987,3879645
59207,"[111.4, 49.7]",True,Dries Mertens,Right Wing,,Right Foot,,"[116.8, 0.1]",True,,,Wayward,Half Volley,Open Play,,,,0.0024343692,3879645
59208,"[107.7, 29.0]",,Gonzalo Gerardo Higuaín,Center Forward,,Head,,"[120.0, 35.0, 0.5]",,,,Off T,Normal,Open Play,,,,0.005247922,3879645
59209,"[111.9, 35.4]",,Gonzalo Gerardo Higuaín,Center Forward,,Right Foot,,"[120.0, 42.1, 0.7]",True,,,Goal,Volley,Open Play,True,,,0.98908585,3879645
59210,"[105.5, 40.1]",,Gonzalo Gerardo Higuaín,Center Forward,,Right Foot,,"[120.0, 41.8, 0.9]",,,,Goal,Half Volley,Open Play,True,,,0.98723376,3879645
63032,"[90.9, 54.7]",,Allan Marques Loureiro,Right Center Midfield,,Right Foot,,"[120.0, 27.2, 0.9]",,,,Off T,Half Volley,Open Play,,,,0.004634031,3879651
63035,"[113.4, 26.9]",,Lorenzo Insigne,Left Wing,,Left Foot,,"[120.0, 36.0, 4.0]",,True,,Off T,Normal,Open Play,,,,0.0030985656,3879651
63037,"[110.8, 24.2]",,Lorenzo Insigne,Left Wing,,Left Foot,,"[120.0, 35.2, 4.4]",True,,,Off T,Normal,Open Play,True,,,0.0030627777,3879651
63038,"[92.8, 26.8]",,Lorenzo Insigne,Left Wing,,Right Foot,,"[96.4, 28.4]",,,,Blocked,Normal,Open Play,,,,0.0021894742,3879651
63039,"[111.7, 40.5]",,José María Callejón Bueno,Right Wing,True,Head,,"[120.0, 32.8, 6.6]",,,,Off T,Normal,Open Play,True,,,0.002309617,3879651
63040,"[104.7, 27.5]",,Marek Hamšík,Left Center Midfield,,Left Foot,,"[120.0, 44.4, 0.2]",,,,Off T,Normal,Open Play,True,,,0.0036683835,3879651
63041,"[95.1, 24.1]",,Lorenzo Insigne,Left Wing,,Right Foot,,"[120.0, 34.9, 1.5]",,,,Off T,Normal,Free Kick,,,,0.0048780255,3879651
63043,"[103.0, 30.5]",,Marek Hamšík,Left Center Midfield,,Left Foot,,"[115.5, 35.5, 1.0]",True,,,Saved,Normal,Open Play,True,,,0.0006341469,3879651
63044,"[112.1, 32.5]",,Marek Hamšík,Left Center Midfield,,Right Foot,,"[113.5, 33.4, 0.7]",True,,,Saved,Half Volley,Open Play,True,,,0.004393963,3879651
63045,"[112.1, 18.9]",,Dries Mertens,Left Wing,,Right Foot,,"[118.9, 36.1, 2.0]",,,,Saved,Normal,Open Play,,,,0.002581502,3879651
63046,"[106.6, 21.9]",,Dries Mertens,Left Wing,,Right Foot,,"[118.3, 36.7, 1.1]",,,,Saved,Normal,Open Play,,,,0.001863361,3879651
63047,"[115.0, 34.9]",,Omar El Kaddouri,Right Wing,,Left Foot,,"[120.0, 35.0, 0.5]",True,,,Off T,Half Volley,Open Play,True,,,0.0053488417,3879651
66637,"[103.7, 31.3]",,Gonzalo Gerardo Higuaín,Center Forward,,Right Foot,,"[104.5, 31.8]",,,,Blocked,Normal,Open Play,,,,0.0014196809,3879661
66639,"[88.1, 31.0]",,Lorenzo Insigne,Left Wing,,Right Foot,,"[118.2, 36.7, 0.5]",,,,Saved,Normal,Open Play,,,,0.0025711702,3879661
66640,"[109.0, 41.6]",,Gonzalo Gerardo Higuaín,Center Forward,,Right Foot,,"[117.1, 41.8, 0.8]",True,,,Saved,Normal,Open Play,,,,0.0049363715,3879661
66644,"[107.7, 23.7]",,Lorenzo Insigne,Left Wing,,Right Foot,,"[120.0, 43.2, 4.1]",,,,Off T,Normal,Open Play,,,,0.007774104,3879661
66645,"[100.3, 37.9]",,Marek Hamšík,Left Center Midfield,,Right Foot,,"[120.0, 43.0, 4.8]",True,,,Off T,Normal,Open Play,,,,0.00424307,3879661
66648,"[104.2, 49.8]",,José María Callejón Bueno,Right Wing,,Right Foot,,"[120.0, 43.7, 5.9]",True,,,Off T,Half Volley,Open Play,,,,0.001756187,3879661
66652,"[107.3, 53.5]",,Gonzalo Gerardo Higuaín,Center Forward,,Right Foot,,"[118.3, 43.5, 1.4]",,,,Saved,Normal,Open Play,,,,0.0016738861,3879661
66653,"[108.0, 40.0]",,Marek Hamšík,Left Center Midfield,,Right Foot,,"[120.0, 43.1, 2.4]",,,,Goal,Normal,Penalty,,,,0.9479911,3879661
66655,"[114.1, 27.4]",,Gonzalo Gerardo Higuaín,Center Forward,,Left Foot,,"[120.0, 38.3, 4.2]",,,,Off T,Normal,Open Play,,,,0.007832172,3879661
66657,"[101.3, 30.7]",,Lorenzo Insigne,Left Wing,,Right Foot,,"[103.2, 31.5]",,,,Blocked,Normal,Open Play,True,,,0.0012909165,3879661
66658,"[115.5, 36.6]",,Gonzalo Gerardo Higuaín,Center Forward,True,Head,,"[120.0, 37.3, 1.5]",,,,Goal,Normal,Open Play,True,,,0.9833747,3879661
66659,"[101.3, 26.7]",,Lorenzo Insigne,Left Wing,,Right Foot,,"[120.0, 45.3, 2.7]",,,,Off T,Half Volley,Open Play,,,,0.0024840615,3879661
66662,"[105.2, 45.5]",,Gonzalo Gerardo Higuaín,Center Forward,,Right Foot,,"[120.0, 36.4, 0.2]",,True,,Goal,Normal,Open Play,True,,,0.9586791,3879661
66666,"[108.0, 40.0]",,Marek Hamšík,Left Center Midfield,,Right Foot,,"[120.0, 37.0, 4.5]",,True,,Off T,Normal,Penalty,,,,0.015060982,3879661
70385,"[89.3, 34.9]",,Gonzalo Gerardo Higuaín,Center Forward,,Right Foot,,"[117.1, 37.8, 1.3]",True,,,Saved,Half Volley,Open Play,,,,0.0033052736,3879669
70386,"[111.8, 49.7]",,José María Callejón Bueno,Right Wing,,Right Foot,,"[114.7, 45.6, 0.2]",True,,,Saved,Normal,Open Play,,,,0.002098233,3879669
70387,"[103.4, 47.7]",,Gonzalo Gerardo Higuaín,Center Forward,,Right Foot,,"[120.0, 48.0, 2.4]",True,,,Off T,Normal,Open Play,,,,0.0031231914,3879669
70389,"[88.9, 40.2]",,José María Callejón Bueno,Right Wing,,Right Foot,,"[115.3, 41.8, 0.2]",,,,Saved,Normal,Open Play,True,,,0.0023897374,3879669
70390,"[100.9, 36.1]",,Marek Hamšík,Left Center Midfield,,Right Foot,,"[120.0, 48.9, 2.0]",True,,,Off T,Half Volley,Open Play,,,,0.0024006995,3879669
70391,"[99.5, 28.1]",,Lorenzo Insigne,Left Wing,,Right Foot,,"[120.0, 43.7, 1.5]",True,,,Goal,Half Volley,Open Play,,,,0.94486266,3879669
70393,"[108.7, 22.9]",,Lorenzo Insigne,Left Wing,,Left Foot,,"[120.0, 34.6, 5.2]",,True,,Off T,Half Volley,Open Play,True,,,0.0027381906,3879669
70395,"[110.8, 57.2]",,Gonzalo Gerardo Higuaín,Center Forward,,Right Foot,,"[116.6, 44.5, 0.4]",True,,,Saved,Normal,Open Play,,,,0.002728407,3879669
70399,"[106.1, 49.8]",,Gonzalo Gerardo Higuaín,Center Forward,,Right Foot,,"[120.0, 38.1, 3.9]",,,,Off T,Normal,Open Play,,,,0.006252689,3879669
70400,"[115.8, 28.2]",,Marek Hamšík,Left Center Midfield,,Left Foot,,"[120.0, 43.7, 0.2]",True,,,Goal,Normal,Open Play,,,,0.991814,3879669
70402,"[85.3, 34.8]",True,Lorenzo Insigne,Left Wing,,Right Foot,,"[120.0, 37.0, 3.0]",,,,Post,Normal,Free Kick,,,,0.005699456,3879669
70403,"[116.3, 44.1]",,Kalidou Koulibaly,Left Center Back,,Head,,"[120.0, 45.2, 3.5]",,,True,Off T,Normal,Open Play,,,,0.002563219,3879669
70405,"[100.1, 55.1]",,Gonzalo Gerardo Higuaín,Center Forward,,Left Foot,,"[115.7, 41.5, 0.4]",,,,Saved,Normal,Open Play,,,,0.0042977105,3879669
70406,"[102.0, 48.5]",,Gonzalo Gerardo Higuaín,Center Forward,,Right Foot,,"[103.0, 47.9]",True,,,Blocked,Half Volley,Open Play,True,,,0.0010971632,3879669
70407,"[104.9, 59.6]",,Elseid Hysaj,Right Back,,Left Foot,,"[120.0, 31.5, 4.2]",,,,Off T,Normal,Open Play,True,,,0.0012858039,3879669
70408,"[106.6, 54.6]",,Dries Mertens,Left Wing,,Right Foot,,"[120.0, 35.0, 0.2]",,,,Off T,Normal,Open Play,,,,0.0045126923,3879669
70410,"[91.1, 30.7]",,Dries Mertens,Left Wing,,Right Foot,,"[120.0, 43.9, 6.8]",,,,Off T,Normal,Open Play,,,,0.0027922355,3879669
74307,"[95.6, 43.8]",,Dries Mertens,Left Wing,,Right Foot,,"[106.1, 43.6]",,,,Blocked,Normal,Free Kick,,,,0.0012216322,3879679
74308,"[103.9, 22.3]",,Dries Mertens,Left Wing,,Right Foot,,"[107.6, 26.4]",,,,Blocked,Normal,Open Play,True,,,0.0011821628,3879679
74309,"[102.8, 32.1]",,Allan Marques Loureiro,Right Center Midfield,,Left Foot,,"[106.3, 33.6]",,,,Blocked,Normal,Open Play,True,,,0.00073296594,3879679
74310,"[118.3, 44.3]",,Raúl Albiol i Tortajada,Right Center Back,,Left Foot,,"[120.0, 43.1, 2.3]",True,,,Goal,Volley,Open Play,True,,,0.9814337,3879679
74311,"[92.3, 38.7]",,Allan Marques Loureiro,Right Center Midfield,,Right Foot,,"[120.0, 42.0, 7.7]",,,,Off T,Half Volley,Open Play,True,,,0.0033932934,3879679
74312,"[104.5, 31.7]",,Gonzalo Gerardo Higuaín,Center Forward,,Right Foot,,"[115.2, 39.8]",,,,Blocked,Normal,Open Play,True,,,0.0020541942,3879679
74313,"[97.0, 54.0]",,Elseid Hysaj,Right Back,,Left Foot,,"[120.0, 30.1, 6.3]",,,,Off T,Half Volley,Open Play,,,,0.0025266309,3879679
74314,"[97.1, 35.3]",,Gonzalo Gerardo Higuaín,Center Forward,,Right Foot,,"[99.4, 35.6]",,,,Blocked,Normal,Open Play,,,,0.0025656864,3879679
74315,"[108.1, 40.1]",,Gonzalo Gerardo Higuaín,Center Forward,,Right Foot,,"[120.0, 38.8, 0.9]",,,,Goal,Normal,Penalty,,,,0.9926052,3879679
74317,"[96.5, 31.6]",,Dries Mertens,Left Wing,,Right Foot,,"[117.1, 36.8, 0.8]",,,,Saved,Normal,Open Play,,,,0.0037605085,3879679
74320,"[103.5, 49.5]",,Gonzalo Gerardo Higuaín,Center Forward,,Left Foot,,"[105.6, 48.1]",,,,Blocked,Half Volley,Open Play,True,,,0.0011273576,3879679
74321,"[94.4, 26.9]",,Ivan Strinić,Left Back,,Left Foot,,"[120.0, 46.9, 3.6]",True,,,Off T,Half Volley,Open Play,,,,0.0011036794,3879679
74322,"[96.3, 30.7]",,Gonzalo Gerardo Higuaín,Center Forward,,Left Foot,,"[120.0, 36.5, 6.0]",,,,Off T,Normal,Open Play,,,,0.0050212475,3879679
74324,"[99.0, 33.5]",,Marek Hamšík,Left Center Midfield,,Left Foot,,"[120.0, 36.7, 0.2]",,,,Goal,Normal,Open Play,,,,0.9230391,3879679
74325,"[108.3, 41.3]",,Gonzalo Gerardo Higuaín,Center Forward,,Left Foot,,"[120.0, 39.3, 0.2]",,,,Goal,Normal,Open Play,,,,0.9860794,3879679
74327,"[103.8, 36.8]",,Gonzalo Gerardo Higuaín,Center Forward,,Right Foot,,"[106.6, 37.8]",True,,,Blocked,Normal,Open Play,,,,0.002078349,3879679
74328,"[109.1, 28.9]",,Dries Mertens,Left Wing,,Right Foot,,"[111.0, 31.3, 1.0]",,,,Saved,Lob,Open Play,,,,0.0027010313,3879679
74330,"[95.4, 47.7]",,Manolo Gabbiadini,Center Forward,,Left Foot,,"[120.0, 36.7, 2.1]",,,,Goal,Normal,Open Play,,,,0.9239087,3879679
74332,"[104.6, 27.0]",,Dries Mertens,Left Wing,,Right Foot,,"[120.0, 35.0, 0.2]",,,,Off T,Normal,Open Play,,,,0.003041928,3879679
74333,"[92.0, 30.1]",,Jorge Luiz Frello Filho,Center Defensive Midfield,,Right Foot,,"[118.9, 40.2, 2.1]",,,,Saved,Normal,Open Play,,,,0.0019932417,3879679
74334,"[102.8, 52.0]",,Elseid Hysaj,Right Back,,Left Foot,,"[115.5, 40.9, 0.2]",,,,Saved,Normal,Open Play,,,,0.0012338074,3879679
74336,"[109.0, 53.9]",,Omar El Kaddouri,Right Wing,,Right Foot,,"[110.6, 52.4]",,,,Blocked,Normal,Open Play,True,,,0.0017242907,3879679
74337,"[94.4, 40.1]",,Manolo Gabbiadini,Center Forward,,Left Foot,,"[98.0, 40.2]",True,,,Blocked,Normal,Open Play,,,,0.004386341,3879679
74338,"[97.5, 46.1]",,Manolo Gabbiadini,Center Forward,,Left Foot,,"[120.0, 34.4, 0.9]",,,,Off T,Normal,Open Play,,,,0.008125089,3879679
78263,"[106.1, 53.3]",,Gonzalo Gerardo Higuaín,Center Forward,,Right Foot,,"[120.0, 46.1, 6.2]",,,,Off T,Normal,Open Play,True,,,0.0015777602,3879686
78264,"[97.5, 22.9]",,Lorenzo Insigne,Left Wing,,Right Foot,,"[116.4, 36.7, 0.9]",,,,Saved,Normal,Open Play,,,,0.0023886464,3879686
78265,"[84.7, 22.6]",,Faouzi Ghoulam,Left Back,,Left Foot,,"[117.0, 36.8, 0.8]",,,,Saved,Normal,Open Play,,,,0.0022683362,3879686
78266,"[117.2, 35.7]",,José María Callejón Bueno,Right Wing,,Head,,"[120.0, 43.0, 1.3]",,True,,Goal,Normal,Open Play,,,,0.98511654,3879686
78267,"[100.5, 21.8]",,Faouzi Ghoulam,Left Back,,Right Foot,,"[116.8, 37.6, 2.0]",,,,Saved,Half Volley,Open Play,,,,0.0013521629,3879686
78272,"[91.8, 21.3]",,Marek Hamšík,Left Center Midfield,,Right Foot,,"[96.5, 24.6]",,,,Blocked,Normal,Open Play,,,,0.0015936808,3879686
78274,"[101.3, 28.8]",,Lorenzo Insigne,Left Wing,,Right Foot,,"[120.0, 46.3, 1.3]",,,,Off T,Normal,Open Play,,,,0.003450589,3879686
78275,"[115.0, 36.1]",,Gonzalo Gerardo Higuaín,Center Forward,,Right Foot,,"[120.0, 42.4, 0.5]",True,,,Goal,Normal,Open Play,,,,0.9902435,3879686
78276,"[99.8, 33.4]",,Marek Hamšík,Left Center Midfield,,Left Foot,,"[108.5, 35.5]",True,,,Blocked,Volley,Open Play,,,,0.0016823666,3879686
78277,"[102.0, 23.6]",,Lorenzo Insigne,Left Wing,,Right Foot,,"[104.2, 25.4]",,,,Blocked,Normal,Open Play,,,,0.0011575144,3879686
78278,"[107.2, 57.1]",,Gonzalo Gerardo Higuaín,Center Forward,,Right Foot,,"[120.0, 27.6, 0.7]",,,,Off T,Half Volley,Open Play,,,,0.0056445524,3879686
78279,"[101.9, 40.8]",,Gonzalo Gerardo Higuaín,Center Forward,,Left Foot,,"[120.0, 34.9, 0.2]",,,,Off T,Normal,Open Play,,,,0.0046226108,3879686
78281,"[62.9, 35.5]",,Marek Hamšík,Left Center Midfield,,Right Foot,,"[115.2, 31.9]",,,,Wayward,Normal,Open Play,,,,0.0014516541,3879686
78282,"[102.4, 20.9]",,Lorenzo Insigne,Left Wing,,Right Foot,,"[120.0, 34.6, 3.9]",,,,Off T,Volley,Open Play,,,,0.0015317812,3879686
78283,"[109.2, 45.1]",,Gonzalo Gerardo Higuaín,Center Forward,,Right Foot,,"[110.6, 44.4]",True,,,Blocked,Normal,Open Play,,,,0.002261736,3879686
78284,"[106.8, 48.0]",,Gonzalo Gerardo Higuaín,Center Forward,,Right Foot,,"[109.3, 46.7]",True,,,Blocked,Normal,Open Play,,,,0.001388998,3879686
78286,"[108.7, 23.5]",,Lorenzo Insigne,Left Wing,,Right Foot,,"[120.0, 43.3, 4.0]",,,,Off T,Normal,Open Play,,,,0.013739374,3879686
78287,"[91.9, 40.7]",,Marek Hamšík,Left Center Midfield,,Left Foot,,"[93.5, 40.8]",,,,Blocked,Half Volley,Open Play,True,,,0.0026291283,3879686
78288,"[98.3, 48.8]",,Gonzalo Gerardo Higuaín,Center Forward,,Right Foot,,"[120.0, 32.5, 0.3]",,,,Off T,Normal,Open Play,,,,0.009416427,3879686
78290,"[106.3, 51.2]",,Gonzalo Gerardo Higuaín,Center Forward,,Left Foot,,"[120.0, 43.2, 0.5]",,,,Goal,Normal,Open Play,,,,0.98427343,3879686
82349,"[107.9, 36.7]",,Gonzalo Gerardo Higuaín,Center Forward,,Right Foot,,"[120.0, 42.0, 5.3]",,,,Off T,Half Volley,Open Play,True,,,0.005010586,3879699
82350,"[103.9, 47.5]",,Gonzalo Gerardo Higuaín,Center Forward,,Right Foot,,"[120.0, 38.9, 1.2]",,True,,Goal,Normal,Open Play,,,,0.9652551,3879699
82352,"[83.6, 30.0]",,Faouzi Ghoulam,Left Back,,Left Foot,,"[120.0, 36.3, 4.1]",,,,Off T,Normal,Free Kick,,,,0.0024802776,3879699
82353,"[105.4, 54.7]",,Gonzalo Gerardo Higuaín,Center Forward,,Right Foot,,"[107.6, 52.9]",,,,Blocked,Half Volley,Open Play,,,,0.0016701729,3879699
82354,"[108.0, 40.0]",,Lorenzo Insigne,Left Wing,,Right Foot,,"[120.0, 37.0, 0.5]",,,,Goal,Normal,Penalty,,,,0.99204165,3879699
82355,"[119.3, 62.4]",,Lorenzo Insigne,Left Wing,,Right Foot,,"[120.0, 54.2, 2.4]",,True,,Off T,Normal,Open Play,,,,0.00919262,3879699
82356,"[111.3, 55.1]",,José María Callejón Bueno,Right Wing,,Right Foot,,"[118.6, 43.9, 0.2]",True,,,Saved,Normal,Open Play,,,,0.0023471934,3879699
82359,"[85.0, 28.5]",,Faouzi Ghoulam,Left Back,,Left Foot,,"[120.0, 42.6, 5.3]",,,,Off T,Normal,Free Kick,,,,0.004102654,3879699
82360,"[101.2, 53.7]",,José María Callejón Bueno,Right Wing,,Left Foot,,"[108.2, 47.1]",,,,Blocked,Normal,Open Play,,,,0.0005783841,3879699
82361,"[107.1, 48.4]",,Gonzalo Gerardo Higuaín,Center Forward,,Right Foot,,"[116.9, 43.3, 0.7]",True,,,Saved,Half Volley,Open Play,,,,0.0028462517,3879699
82364,"[100.8, 34.7]",,Lorenzo Insigne,Left Wing,,Right Foot,,"[120.0, 45.4, 5.0]",True,,,Off T,Normal,Open Play,,,,0.0013231415,3879699
82365,"[110.7, 32.2]",,Marek Hamšík,Left Center Midfield,,Right Foot,,"[120.0, 44.0, 0.2]",,True,,Goal,Normal,Open Play,True,,,0.7619192,3879699
82367,"[100.3, 36.3]",,Gonzalo Gerardo Higuaín,Center Forward,,Right Foot,,"[101.2, 36.6]",,,,Blocked,Normal,Open Play,,,,0.002150376,3879699
82368,"[107.7, 20.7]",,Marek Hamšík,Left Center Midfield,,Right Foot,,"[120.0, 43.2, 4.2]",,,,Off T,Normal,Open Play,,,,0.0077430042,3879699
82369,"[99.9, 43.9]",,Gonzalo Gerardo Higuaín,Center Forward,,Left Foot,,"[120.0, 35.5, 3.5]",,,,Off T,Normal,Open Play,,,,0.0046293996,3879699
82371,"[105.2, 21.8]",,Ivan Strinić,Left Back,,Left Foot,,"[117.4, 36.9, 0.9]",,,,Saved,Normal,Open Play,,,,0.001794188,3879699
82372,"[105.7, 33.7]",,Marek Hamšík,Left Center Midfield,,Right Foot,,"[120.0, 51.6, 4.9]",True,,,Off T,Volley,Open Play,True,,,0.0033039702,3879699
82373,"[112.7, 49.7]",,Gonzalo Gerardo Higuaín,Center Forward,,Right Foot,,"[120.0, 42.2, 4.2]",,True,,Off T,Normal,Open Play,,,,0.011084082,3879699
82374,"[104.4, 24.8]",,Dries Mertens,Left Wing,,Left Foot,,"[120.0, 43.9, 0.2]",,,,Goal,Normal,Open Play,True,,,0.95766026,3879699
82375,"[109.4, 49.6]",,Omar El Kaddouri,Right Wing,,Right Foot,,"[119.1, 43.7, 0.2]",,,,Saved,Normal,Open Play,,,,0.0025364622,3879699
82376,"[103.5, 41.6]",,Gonzalo Gerardo Higuaín,Center Forward,,Right Foot,,"[106.1, 41.4]",,,,Blocked,Volley,Open Play,True,,,0.0024304653,3879699
82378,"[105.7, 30.3]",,Gonzalo Gerardo Higuaín,Center Forward,,Right Foot,,"[117.3, 38.1, 0.2]",,,,Saved,Normal,Open Play,True,,,0.003559636,3879699
82379,"[104.5, 34.9]",,Omar El Kaddouri,Right Wing,,Right Foot,,"[120.0, 50.3, 4.0]",,,,Off T,Half Volley,Open Play,,,,0.00094100524,3879699
86272,"[101.6, 43.4]",,Gonzalo Gerardo Higuaín,Center Forward,,Right Foot,,"[120.0, 44.9, 7.6]",True,,,Off T,Normal,Open Play,,,,0.0015244103,3879714
86273,"[65.9, 45.5]",,Marek Hamšík,Left Center Midfield,,Left Foot,,"[120.0, 50.9, 0.6]",,,,Off T,Half Volley,Open Play,,,,0.002042271,3879714
86274,"[110.3, 36.1]",,Gonzalo Gerardo Higuaín,Center Forward,,Right Foot,,"[120.0, 31.9, 2.2]",True,,,Off T,Volley,Open Play,True,,,0.006823742,3879714
86275,"[108.5, 49.8]",,Gonzalo Gerardo Higuaín,Center Forward,,Right Foot,,"[120.0, 43.8, 7.5]",True,,,Off T,Half Volley,Open Play,,,,0.0042385915,3879714
86276,"[107.7, 38.7]",,Gonzalo Gerardo Higuaín,Center Forward,,Right Foot,,"[117.3, 41.0, 1.0]",True,,,Saved,Normal,Open Play,,,,0.0020592452,3879714
86277,"[113.1, 49.0]",,Lorenzo Insigne,Left Wing,,Right Foot,,"[120.0, 35.0, 2.4]",True,,,Off T,Half Volley,Open Play,True,,,0.0060079684,3879714
86278,"[89.2, 25.2]",,Lorenzo Insigne,Left Wing,,Right Foot,,"[120.0, 45.5, 7.2]",,,,Off T,Normal,Open Play,,,,0.0018525374,3879714
86279,"[111.7, 54.8]",,Gonzalo Gerardo Higuaín,Center Forward,,Right Foot,,"[112.2, 54.0]",,True,,Blocked,Normal,Open Play,True,,,0.0029581222,3879714
86280,"[105.1, 26.6]",,Lorenzo Insigne,Left Wing,,Left Foot,,"[120.0, 36.9, 4.8]",True,,,Off T,Normal,Open Play,,,,0.003515844,3879714
86281,"[94.7, 47.4]",,Gonzalo Gerardo Higuaín,Center Forward,,Right Foot,,"[116.7, 35.6]",True,,,Wayward,Lob,Open Play,,,,0.0033886961,3879714
86283,"[110.7, 39.3]",,Gonzalo Gerardo Higuaín,Center Forward,,Head,,"[120.0, 43.3, 0.7]",,,,Goal,Normal,Open Play,,,,0.9895504,3879714
86284,"[95.8, 36.0]",,Marek Hamšík,Left Center Midfield,,Right Foot,,"[99.2, 36.4]",True,,,Blocked,Normal,Open Play,,,,0.0015723904,3879714
86285,"[98.3, 34.0]",,Lorenzo Insigne,Left Wing,,Right Foot,,"[120.0, 36.9, 1.7]",,,,Goal,Normal,Free Kick,,,,0.95317596,3879714
86286,"[107.3, 51.2]",,Allan Marques Loureiro,Right Center Midfield,,Right Foot,,"[108.1, 50.7]",,,,Blocked,Normal,Open Play,,,,0.0011153298,3879714
86289,"[91.8, 36.7]",,Marek Hamšík,Left Center Midfield,,Right Foot,,"[95.4, 37.3]",,,,Blocked,Normal,Open Play,,,,0.0027385158,3879714
86290,"[111.3, 38.3]",,Gonzalo Gerardo Higuaín,Center Forward,,Right Foot,,"[113.5, 38.8, 0.2]",True,,,Saved,Normal,Open Play,,,,0.0062583443,3879714
86292,"[93.3, 38.3]",,Gonzalo Gerardo Higuaín,Center Forward,,Right Foot,,"[120.0, 44.7, 4.7]",,,,Off T,Normal,Open Play,,,,0.0017095795,3879714
86293,"[93.4, 40.9]",,Marek Hamšík,Left Center Midfield,,Right Foot,,"[120.0, 45.0, 1.6]",True,,,Off T,Half Volley,Open Play,,,,0.0019230354,3879714
86295,"[115.7, 44.9]",,José María Callejón Bueno,Right Wing,,Right Foot,,"[120.0, 42.4, 1.6]",True,,True,Goal,Half Volley,Open Play,,,,0.9788488,3879714
86298,"[111.9, 53.6]",,José María Callejón Bueno,Right Wing,,Right Foot,,"[120.0, 43.4, 0.2]",True,,,Goal,Half Volley,Open Play,,,,0.9811999,3879714
90383,"[103.2, 25.7]",,Gonzalo Gerardo Higuaín,Center Forward,,Right Foot,,"[114.7, 35.4, 0.2]",,,,Saved,Normal,Open Play,,,,0.0013900872,3879720
90385,"[114.8, 33.1]",,Gonzalo Gerardo Higuaín,Center Forward,,Right Foot,,"[117.9, 36.9, 0.5]",True,,,Saved,Normal,Open Play,,,,0.0072106314,3879720
90386,"[115.7, 34.0]",,Gonzalo Gerardo Higuaín,Center Forward,,Other,,"[120.0, 43.2, 0.5]",,,,Goal,Normal,Open Play,,,,0.9928946,3879720
90387,"[91.7, 38.7]",,David López Silva,Right Center Midfield,,Right Foot,,"[120.0, 49.1, 5.4]",True,,,Off T,Half Volley,Open Play,,,,0.0010593019,3879720
90388,"[100.9, 42.1]",,José María Callejón Bueno,Right Wing,,Right Foot,,"[120.0, 36.7, 1.4]",True,,,Goal,Lob,Open Play,,,,0.9008135,3879720
90391,"[110.5, 21.6]",,Gonzalo Gerardo Higuaín,Center Forward,,Left Foot,,"[120.0, 34.9, 5.4]",True,,,Off T,Half Volley,Open Play,True,,,0.0032688568,3879720
90392,"[55.4, 11.0]",True,Lorenzo Insigne,Left Wing,,Right Foot,,"[117.5, 80.0]",,,,Wayward,Normal,Open Play,,,,0.0014515505,3879720
90395,"[99.0, 28.4]",,Dries Mertens,Left Wing,,Right Foot,,"[120.0, 44.7, 4.5]",,,,Off T,Normal,Free Kick,,,,0.0020291382,3879720
90397,"[87.9, 37.3]",,Dries Mertens,Left Wing,,Right Foot,,"[120.0, 31.7, 0.2]",,,,Off T,Normal,Open Play,,,,0.0047061094,3879720
90398,"[106.0, 47.5]",,David López Silva,Right Center Midfield,,Right Foot,,"[110.8, 45.6]",True,,,Blocked,Normal,Open Play,,,,0.0010285705,3879720
90400,"[67.7, 77.4]",,José María Callejón Bueno,Right Wing,,Right Foot,,"[113.0, 41.5, 1.2]",True,,,Saved,Normal,Open Play,,,,0.001757008,3879720
93937,"[111.3, 25.5]",,Gonzalo Gerardo Higuaín,Center Forward,,Left Foot,,"[118.1, 36.5, 2.0]",,,,Saved,Normal,Open Play,,,,0.0024541367,3879731
93938,"[92.1, 35.6]",,Allan Marques Loureiro,Right Center Midfield,,Right Foot,,"[120.0, 43.8, 5.2]",,,,Off T,Normal,Open Play,,,,0.0016159675,3879731
93939,"[113.2, 51.4]",,Gonzalo Gerardo Higuaín,Center Forward,,Right Foot,,"[120.0, 44.3, 2.4]",,,,Off T,Normal,Open Play,True,,,0.010716265,3879731
93940,"[101.6, 48.6]",,Gonzalo Gerardo Higuaín,Center Forward,,Right Foot,,"[116.4, 41.1, 0.5]",True,,,Saved,Half Volley,Open Play,,,,0.0023077696,3879731
93941,"[93.8, 28.3]",,Lorenzo Insigne,Left Wing,,Right Foot,,"[120.0, 47.7, 7.8]",,,,Off T,Normal,Open Play,,,,0.0018525374,3879731
93942,"[90.7, 36.2]",,Marek Hamšík,Left Center Midfield,,Left Foot,,"[95.2, 36.6]",,,,Blocked,Normal,Open Play,,,,0.00158197,3879731
93943,"[114.2, 30.1]",,Marek Hamšík,Left Center Midfield,,Right Foot,,"[115.1, 31.5]",,,,Blocked,Half Volley,Open Play,True,,,0.004191415,3879731
93944,"[109.2, 44.8]",,José María Callejón Bueno,Right Wing,,Head,,"[120.0, 37.9, 5.9]",,,,Off T,Normal,Open Play,,,,0.005385094,3879731
93945,"[111.0, 39.9]",,José María Callejón Bueno,Right Wing,True,Head,,"[120.0, 33.2, 0.5]",,,,Off T,Normal,Open Play,True,,,0.00770445,3879731
93947,"[103.0, 32.1]",,José María Callejón Bueno,Right Wing,,Left Foot,,"[120.0, 44.8, 0.2]",,,,Off T,Normal,Open Play,,,,0.0027544706,3879731
93948,"[110.0, 42.1]",,José María Callejón Bueno,Right Wing,,Head,,"[120.0, 33.6, 2.7]",,,,Off T,Normal,Open Play,,,,0.0024334951,3879731
93949,"[113.1, 54.6]",,Lorenzo Insigne,Left Wing,,Right Foot,,"[120.0, 45.4, 3.0]",True,,,Off T,Volley,Open Play,,,,0.002486868,3879731
93950,"[113.9, 41.4]",,Kalidou Koulibaly,Left Center Back,,Other,,"[120.0, 41.5, 4.0]",,,,Off T,Normal,Open Play,,,,0.0065625827,3879731
93951,"[101.0, 48.9]",,Gonzalo Gerardo Higuaín,Center Forward,,Right Foot,,"[118.7, 41.2, 0.8]",,,,Saved,Normal,Open Play,,,,0.0025253128,3879731
93952,"[108.7, 49.2]",,Raúl Albiol i Tortajada,Right Center Back,,Left Foot,,"[110.1, 47.9]",True,,,Blocked,Volley,Open Play,,,,0.0018052222,3879731
93953,"[88.5, 34.4]",,Faouzi Ghoulam,Left Back,,Left Foot,,"[117.1, 40.0, 1.2]",True,,,Saved,Half Volley,Open Play,,,,0.0016745738,3879731
93954,"[104.4, 27.6]",,Lorenzo Insigne,Left Wing,,Left Foot,,"[120.0, 35.4, 2.0]",True,,,Off T,Normal,Open Play,True,,,0.0022010566,3879731
93956,"[108.0, 40.1]",,Gonzalo Gerardo Higuaín,Center Forward,,Right Foot,,"[120.0, 37.3, 0.8]",,,,Goal,Normal,Penalty,,,,0.99311936,3879731
93957,"[100.6, 22.7]",,Lorenzo Insigne,Right Wing,,Right Foot,,"[120.0, 44.1, 4.7]",,,,Off T,Normal,Open Play,True,,,0.0013969596,3879731
93958,"[102.3, 38.0]",,Gonzalo Gerardo Higuaín,Center Forward,,Right Foot,,"[113.0, 39.2, 1.4]",True,,,Saved,Lob,Open Play,True,,,0.0015418497,3879731
93959,"[101.8, 24.8]",,Lorenzo Insigne,Right Wing,,Right Foot,,"[118.3, 36.6, 0.2]",,,,Saved,Normal,Open Play,True,,,0.0009357874,3879731
93961,"[111.9, 27.7]",,Dries Mertens,Left Wing,,Right Foot,,"[120.0, 47.2, 4.2]",,,,Off T,Normal,Open Play,True,,,0.006687084,3879731
98460,"[98.2, 44.7]",,Lorenzo Insigne,Left Wing,,Right Foot,,"[101.6, 44.6]",,,,Blocked,Normal,Open Play,True,,,0.00083011703,3879739
98466,"[95.0, 44.0]",True,Allan Marques Loureiro,Right Center Midfield,,Right Foot,,"[120.0, 68.4]",True,,,Wayward,Normal,Open Play,True,,,0.0018195179,3879739
98469,"[118.1, 26.8]",,Lorenzo Insigne,Left Wing,,Right Foot,True,"[119.1, 35.2, 0.4]",,,,Saved,Normal,Open Play,True,,,0.0037406073,3879739
98470,"[99.1, 13.2]",,Lorenzo Insigne,Left Wing,,Right Foot,,"[111.7, 80.0]",,,,Wayward,Normal,Open Play,,,,0.001687165,3879739
98473,"[101.9, 39.8]",,Gonzalo Gerardo Higuaín,Center Forward,,Right Foot,,"[103.1, 44.9]",True,,,Wayward,Half Volley,Open Play,,,,0.0013479263,3879739
98474,"[87.8, 46.7]",,Marek Hamšík,Left Center Midfield,,Left Foot,,"[120.0, 36.0, 3.8]",,,,Off T,Normal,Open Play,,,,0.0027088493,3879739
98475,"[93.5, 47.5]",,Gonzalo Gerardo Higuaín,Center Forward,,Right Foot,,"[120.0, 27.8, 0.2]",,,,Off T,Normal,Open Play,,,,0.009416427,3879739
98478,"[94.9, 42.1]",,Manolo Gabbiadini,Right Center Forward,,Right Foot,,"[120.0, 33.2, 0.3]",,,,Off T,Normal,Open Play,True,,,0.005328214,3879739
102227,"[99.5, 48.6]",,Jorge Luiz Frello Filho,Center Defensive Midfield,,Right Foot,,"[120.0, 33.9, 3.1]",True,,,Off T,Normal,Open Play,,,,0.002792574,3879756
102228,"[90.0, 31.7]",,Marek Hamšík,Left Center Midfield,,Left Foot,,"[120.0, 35.4, 6.0]",True,,,Off T,Normal,Open Play,,,,0.001936621,3879756
102229,"[102.6, 24.3]",,Lorenzo Insigne,Left Wing,,Right Foot,,"[120.0, 43.3, 4.1]",True,,,Off T,Normal,Open Play,,,,0.004689154,3879756
102230,"[111.6, 52.3]",,Gonzalo Gerardo Higuaín,Center Forward,,Right Foot,,"[112.1, 51.5]",True,,,Blocked,Normal,Open Play,,,,0.002728407,3879756
102231,"[93.1, 37.7]",,Gonzalo Gerardo Higuaín,Center Forward,,Right Foot,,"[120.0, 46.3, 5.3]",True,,,Off T,Normal,Open Play,True,,,0.0016898087,3879756
102232,"[111.4, 32.2]",,Gonzalo Gerardo Higuaín,Center Forward,,Left Foot,,"[112.1, 33.0]",,,,Blocked,Half Volley,Open Play,,,,0.0035381396,3879756
102233,"[102.7, 23.3]",,Lorenzo Insigne,Left Wing,,Right Foot,,"[120.0, 46.0, 1.3]",True,,,Off T,Normal,Open Play,,,,0.0034107522,3879756
102234,"[98.8, 47.9]",,José María Callejón Bueno,Right Wing,,Left Foot,,"[115.8, 40.7, 0.3]",,,,Saved,Normal,Open Play,,,,0.0020576075,3879756
102235,"[112.4, 35.2]",,José María Callejón Bueno,Right Wing,,Right Foot,,"[120.0, 35.5, 0.2]",True,,,Off T,Normal,Open Play,,,,0.006650075,3879756
102236,"[102.7, 34.3]",,Gonzalo Gerardo Higuaín,Center Forward,,Left Foot,,"[103.6, 34.5]",,,,Blocked,Normal,Open Play,,,,0.0014222397,3879756
102237,"[92.5, 18.8]",,Lorenzo Insigne,Left Wing,,Right Foot,True,"[120.0, 43.4, 0.2]",,,,Goal,Normal,Open Play,,,,0.9218593,3879756
102240,"[95.0, 54.3]",,Elseid Hysaj,Right Back,,Left Foot,,"[120.0, 35.2, 5.3]",,,,Off T,Normal,Open Play,,,,0.0025266309,3879756
102241,"[103.0, 55.2]",,José María Callejón Bueno,Right Wing,,Right Foot,,"[104.3, 54.1]",,,,Blocked,Normal,Open Play,,,,0.0006233934,3879756
102242,"[99.2, 27.7]",,Dries Mertens,Right Wing,,Right Foot,,"[107.7, 31.4]",,,,Blocked,Normal,Free Kick,,,,0.001548012,3879756
102243,"[108.8, 47.3]",,Dries Mertens,Right Wing,,Right Foot,,"[120.0, 36.1, 0.5]",True,,,Post,Half Volley,Open Play,,,,0.0050550844,3879756
102244,"[109.5, 36.3]",,Gonzalo Gerardo Higuaín,Left Center Forward,,Left Foot,,"[120.0, 35.6, 0.7]",True,,,Off T,Volley,Open Play,,,,0.00525095,3879756
102245,"[106.6, 55.1]",,Dries Mertens,Right Midfield,,Right Foot,,"[108.2, 53.5]",,,,Blocked,Normal,Open Play,,,,0.001506115,3879756
102247,"[106.4, 32.3]",,Lorenzo Insigne,Left Midfield,,Right Foot,,"[120.0, 49.7, 5.0]",True,,,Off T,Half Volley,Open Play,,,,0.0034254864,3879756
102250,"[111.6, 46.6]",,Omar El Kaddouri,Left Midfield,,Right Foot,,"[117.2, 43.3, 1.6]",True,,,Saved,Half Volley,Open Play,,,,0.0042775464,3879756
102251,"[102.1, 32.0]",,Gonzalo Gerardo Higuaín,Left Center Forward,,Right Foot,,"[118.2, 37.7, 0.2]",,,,Saved,Normal,Open Play,,,,0.0014598228,3879756
106630,"[93.8, 49.4]",,Gonzalo Gerardo Higuaín,Center Forward,,Right Foot,,"[120.0, 39.6, 0.5]",True,,,Goal,Normal,Open Play,,,,0.9647302,3879765
106635,"[108.8, 44.4]",,Marek Hamšík,Left Center Midfield,True,Head,,"[116.7, 42.1, 1.8]",,True,,Saved,Normal,Open Play,True,,,0.003474395,3879765
106639,"[106.3, 49.0]",,José María Callejón Bueno,Right Wing,,Right Foot,,"[114.5, 43.4, 0.6]",,True,,Saved,Normal,Open Play,True,,,0.0013738517,3879765
106640,"[108.1, 40.1]",,Gonzalo Gerardo Higuaín,Center Forward,,Left Foot,,"[112.4, 39.2, 1.3]",True,,,Saved,Normal,Open Play,,,,0.0064093424,3879765
106642,"[95.6, 26.0]",,Marek Hamšík,Left Center Midfield,,Right Foot,,"[106.1, 32.8]",,,,Blocked,Normal,Open Play,True,,,0.0015936808,3879765
106646,"[109.1, 27.4]",,Lorenzo Insigne,Left Wing,,Left Foot,,"[118.4, 35.1, 1.3]",,,,Saved,Normal,Open Play,True,,,0.0020485998,3879765
110721,"[110.2, 37.4]",,Gonzalo Gerardo Higuaín,Center Forward,,Right Foot,,"[120.0, 37.7, 0.1]",True,,,Goal,Normal,Open Play,,,,0.9890026,3879769
110722,"[94.4, 32.3]",,Lorenzo Insigne,Left Wing,,Right Foot,,"[105.6, 34.4]",,,,Blocked,Normal,Free Kick,,,,0.0025580588,3879769
110723,"[95.0, 40.7]",,David López Silva,Right Center Midfield,,Right Foot,,"[120.0, 35.4, 0.8]",True,,,Off T,Normal,Open Play,,,,0.00434782,3879769
110724,"[105.8, 33.3]",,Gonzalo Gerardo Higuaín,Center Forward,,Left Foot,,"[120.0, 35.0, 1.3]",True,,,Off T,Normal,Open Play,,,,0.0052252393,3879769
110726,"[109.3, 49.3]",,José María Callejón Bueno,Right Wing,,Head,,"[117.9, 41.3, 0.9]",,,,Saved,Normal,Open Play,,,,0.0022797924,3879769
110727,"[115.2, 47.9]",,José María Callejón Bueno,Right Wing,,Right Foot,,"[115.7, 47.2]",True,,,Blocked,Normal,Open Play,,,,0.002098233,3879769
110728,"[106.4, 40.5]",,José María Callejón Bueno,Right Wing,,Left Foot,,"[113.2, 41.0, 0.3]",True,,,Saved,Normal,Open Play,True,,,0.0012662708,3879769
110730,"[104.7, 47.4]",,Gonzalo Gerardo Higuaín,Center Forward,,Right Foot,,"[115.7, 43.0, 0.4]",,,,Saved,Normal,Open Play,True,,,0.0046322653,3879769
110731,"[113.1, 50.9]",,Gonzalo Gerardo Higuaín,Center Forward,,Right Foot,,"[120.0, 45.8, 4.3]",True,,,Off T,Volley,Open Play,,,,0.002902316,3879769
110732,"[110.8, 40.3]",True,José María Callejón Bueno,Right Wing,True,Head,,"[119.4, 80.0]",,,,Wayward,Normal,Open Play,True,,,0.0019703712,3879769
110733,"[114.9, 43.3]",,Vlad Iulian Chiricheș,Right Center Back,,Head,,"[120.0, 38.4, 0.6]",,True,,Goal,Normal,Open Play,,,,0.98622,3879769
110734,"[105.2, 42.0]",,Lorenzo Insigne,Left Wing,,Right Foot,,"[120.0, 45.2, 3.3]",,,,Off T,Normal,Open Play,,,,0.0013605302,3879769
110735,"[100.5, 22.7]",,Marek Hamšík,Left Center Midfield,,Left Foot,,"[116.8, 40.3, 0.2]",,,,Saved,Normal,Open Play,,,,0.0015184575,3879769
110736,"[110.3, 44.3]",,Gonzalo Gerardo Higuaín,Center Forward,,Head,,"[111.2, 42.7]",,,,Wayward,Normal,Open Play,,,,0.005717728,3879769
110737,"[85.5, 28.6]",,Faouzi Ghoulam,Left Back,,Left Foot,,"[116.9, 40.4, 1.6]",,,,Saved,Normal,Open Play,,,,0.0014835134,3879769
110741,"[98.5, 28.6]",,Lorenzo Insigne,Left Wing,,Right Foot,,"[120.0, 41.2, 3.8]",,,,Off T,Normal,Open Play,,,,0.005152652,3879769
110743,"[99.5, 27.5]",,Marek Hamšík,Left Center Midfield,,Left Foot,,"[102.8, 29.2]",True,,,Blocked,Normal,Open Play,,,,0.0013215522,3879769
110744,"[108.2, 43.7]",,José María Callejón Bueno,Right Wing,True,Head,,"[117.7, 42.5, 2.1]",,True,,Saved,Normal,Open Play,True,,,0.002295935,3879769
110745,"[106.9, 53.8]",,Gonzalo Gerardo Higuaín,Center Forward,,Right Foot,,"[116.8, 42.6, 2.0]",,,,Saved to Post,Normal,Open Play,,True,,0.0026635309,3879769
110746,"[106.3, 50.1]",,José María Callejón Bueno,Right Wing,,Right Foot,,"[108.2, 49.2]",True,,,Blocked,Normal,Open Play,True,,,0.0007278915,3879769
110747,"[96.5, 21.1]",,Faouzi Ghoulam,Left Back,,Left Foot,,"[120.0, 54.2, 0.0]",,,,Off T,Normal,Open Play,,,,0.0025246572,3879769
110748,"[113.5, 42.7]",,José María Callejón Bueno,Right Wing,,Left Foot,,"[120.0, 43.0, 0.2]",True,,,Goal,Normal,Open Play,,,,0.9877707,3879769
110750,"[104.1, 45.4]",,Gonzalo Gerardo Higuaín,Center Forward,,Right Foot,,"[120.0, 34.6, 0.2]",,,,Off T,Normal,Open Play,,,,0.0051012095,3879769
110751,"[97.9, 31.7]",,Allan Marques Loureiro,Right Center Midfield,,Right Foot,,"[104.3, 34.8]",,,,Blocked,Normal,Open Play,True,,,0.0014870053,3879769
110752,"[108.9, 23.2]",,Dries Mertens,Left Wing,,Left Foot,,"[120.0, 54.0, 0.2]",,,,Off T,Normal,Open Play,,,,0.016900465,3879769
115099,"[93.6, 28.2]",,Lorenzo Insigne,Left Wing,,Right Foot,,"[120.0, 33.7, 0.2]",,,,Off T,Normal,Open Play,,,,0.0056250053,3879786
115100,"[116.4, 48.2]",,Lorenzo Insigne,Left Wing,,Right Foot,,"[119.1, 44.4, 1.0]",,,,Saved,Normal,Open Play,,,,0.0019149912,3879786
115101,"[94.6, 29.2]",,Faouzi Ghoulam,Left Back,,Left Foot,,"[101.2, 31.2]",True,,,Blocked,Normal,Open Play,,,,0.0012172126,3879786
115102,"[88.0, 57.3]",,Gonzalo Gerardo Higuaín,Center Forward,,Right Foot,,"[120.0, 54.3, 6.7]",,,,Off T,Normal,Open Play,,,,0.0013916297,3879786
115103,"[92.4, 31.3]",,Marek Hamšík,Left Center Midfield,,Right Foot,,"[101.7, 33.3]",,,,Blocked,Normal,Open Play,True,,,0.0015936808,3879786
115104,"[108.1, 40.1]",,Gonzalo Gerardo Higuaín,Center Forward,,Right Foot,,"[120.0, 43.0, 1.7]",,,,Goal,Normal,Penalty,,,,0.99379444,3879786
115107,"[114.2, 58.2]",,Gonzalo Gerardo Higuaín,Center Forward,,Right Foot,,"[119.3, 44.7, 1.2]",,True,,Saved,Normal,Open Play,,,,0.0022351174,3879786
115108,"[108.0, 42.6]",,Gonzalo Gerardo Higuaín,Center Forward,,Right Foot,,"[108.9, 42.2]",True,,,Blocked,Half Volley,Open Play,True,,,0.0067414255,3879786
115109,"[109.2, 41.0]",,Lorenzo Insigne,Left Wing,,Right Foot,,"[114.2, 40.6, 1.4]",True,,,Saved,Volley,Open Play,,,,0.0029393337,3879786
115111,"[94.3, 36.2]",,Lorenzo Insigne,Left Wing,,Right Foot,,"[96.6, 36.8]",,,,Blocked,Normal,Open Play,True,,,0.003318735,3879786
115112,"[103.4, 32.5]",,Lorenzo Insigne,Left Wing,,Left Foot,,"[120.0, 42.1, 4.5]",,,,Off T,Normal,Open Play,True,,,0.00468858,3879786
115113,"[90.4, 33.9]",,Marek Hamšík,Left Center Midfield,,Left Foot,,"[116.9, 36.9, 1.0]",,,,Saved,Normal,Open Play,True,,,0.0025819072,3879786
115114,"[98.0, 51.3]",,Gonzalo Gerardo Higuaín,Center Forward,,Left Foot,,"[115.8, 42.0, 2.0]",True,,,Saved,Half Volley,Open Play,,,,0.0033943981,3879786
115117,"[112.5, 53.9]",,Gonzalo Gerardo Higuaín,Center Forward,,Right Foot,,"[120.0, 39.9, 4.4]",,True,,Off T,Lob,Open Play,,,,0.0080396,3879786
115118,"[112.3, 29.1]",,Dries Mertens,Left Wing,,Right Foot,,"[118.3, 35.4, 1.3]",True,,,Saved,Volley,Open Play,True,,,0.0030212265,3879786
115119,"[87.9, 23.0]",,Faouzi Ghoulam,Left Back,,Left Foot,,"[89.9, 23.9]",,,,Blocked,Normal,Open Play,,,,0.0013198635,3879786
115120,"[93.7, 49.2]",,Lorenzo Insigne,Right Wing,,Right Foot,,"[120.0, 41.2, 6.8]",,,,Off T,Normal,Open Play,True,,,0.003811216,3879786
115121,"[94.0, 45.2]",,Allan Marques Loureiro,Right Center Midfield,,Right Foot,,"[120.0, 51.0, 6.6]",,,,Off T,Normal,Open Play,,,,0.0008722848,3879786
119450,"[106.6, 50.6]",,José María Callejón Bueno,Right Wing,,Right Foot,,"[120.0, 45.3, 6.0]",True,,,Off T,Volley,Open Play,,,,0.0007743864,3879796
119451,"[97.2, 46.5]",,Gonzalo Gerardo Higuaín,Center Forward,,Right Foot,,"[118.3, 43.4, 0.7]",True,,,Saved,Normal,Open Play,True,,,0.0016582231,3879796
119452,"[114.8, 44.5]",,Marek Hamšík,Left Center Midfield,,Right Foot,,"[120.0, 46.6, 4.8]",True,,,Off T,Volley,Open Play,,,,0.0035160729,3879796
119454,"[92.6, 31.3]",,Marek Hamšík,Left Center Midfield,,Left Foot,,"[102.8, 35.6]",True,,,Blocked,Volley,Open Play,True,,,0.0012868893,3879796
119455,"[107.2, 42.9]",,Gonzalo Gerardo Higuaín,Center Forward,,Head,,"[118.5, 38.1, 1.0]",,,,Saved,Normal,Open Play,,,,0.0026523646,3879796
119456,"[104.8, 55.2]",,Marek Hamšík,Left Center Midfield,,Right Foot,,"[119.0, 43.7, 0.2]",,,,Saved,Normal,Open Play,,,,0.0013320555,3879796
119458,"[99.5, 52.3]",,Gonzalo Gerardo Higuaín,Center Forward,,Right Foot,,"[103.1, 49.9]",,,,Blocked,Half Volley,Open Play,,,,0.0012673506,3879796
119461,"[101.7, 28.2]",,Lorenzo Insigne,Left Wing,,Right Foot,,"[102.6, 28.9]",,,,Blocked,Normal,Open Play,,,,0.0012135353,3879796
119462,"[114.0, 50.5]",,Marek Hamšík,Left Center Midfield,,Head,,"[118.0, 41.7, 1.4]",,True,,Saved,Normal,Open Play,,,,0.0034129603,3879796
119463,"[111.9, 37.6]",,Lorenzo Insigne,Left Wing,,Head,,"[118.4, 39.0, 1.1]",,,,Saved,Diving Header,Open Play,,,,0.0031491586,3879796
119464,"[84.8, 39.3]",,Faouzi Ghoulam,Left Back,,Left Foot,,"[120.0, 29.7, 6.0]",True,,,Off T,Half Volley,Open Play,,,,0.0017073316,3879796
119465,"[110.5, 47.8]",,Gonzalo Gerardo Higuaín,Center Forward,,Right Foot,,"[120.0, 37.7, 0.8]",,True,,Goal,Half Volley,Open Play,,,,0.98867023,3879796
119466,"[110.7, 42.9]",,Gonzalo Gerardo Higuaín,Center Forward,,Right Foot,,"[120.0, 34.9, 0.8]",True,,,Off T,Normal,Open Play,,,,0.0077195275,3879796
119467,"[93.1, 46.3]",,Allan Marques Loureiro,Right Center Midfield,,Right Foot,,"[115.6, 40.7, 0.2]",,,,Saved,Normal,Open Play,True,,,0.002651552,3879796
119468,"[95.3, 26.2]",,Lorenzo Insigne,Left Wing,,Right Foot,,"[120.0, 34.9, 0.2]",,,,Off T,Normal,Open Play,,,,0.0056250053,3879796
119469,"[90.8, 26.3]",,Dries Mertens,Right Wing,,Right Foot,,"[120.0, 46.2, 0.8]",,,,Off T,Normal,Open Play,,,,0.0027321384,3879796
119472,"[114.5, 44.6]",,Gonzalo Gerardo Higuaín,Center Forward,,Head,,"[115.6, 44.0]",,,,Blocked,Normal,Open Play,,,,0.0023775718,3879796
119473,"[105.2, 35.9]",,Gonzalo Gerardo Higuaín,Center Forward,,Left Foot,,"[107.5, 36.7]",True,,,Blocked,Half Volley,Open Play,,,,0.0022078382,3879796
119474,"[104.6, 32.4]",,Dries Mertens,Right Wing,,Right Foot,,"[105.7, 33.2]",,,,Blocked,Normal,Open Play,,,,0.00095083733,3879796
119476,"[103.3, 29.5]",,Gonzalo Gerardo Higuaín,Center Forward,,Right Foot,,"[120.0, 42.9, 1.4]",,,,Goal,Normal,Open Play,,,,0.97319704,3879796
119479,"[110.7, 45.2]",,Manolo Gabbiadini,Left Wing,,Left Foot,,"[117.9, 41.8, 2.1]",True,,,Saved,Volley,Open Play,,,,0.0023738525,3879796
119480,"[103.3, 47.2]",,Allan Marques Loureiro,Right Center Midfield,,Left Foot,,"[117.8, 41.4, 2.3]",,,,Saved,Normal,Open Play,True,,,0.0010938258,3879796
119481,"[109.0, 36.5]",,Omar El Kaddouri,Center Forward,,Right Foot,,"[120.0, 43.3, 0.2]",True,,,Goal,Normal,Open Play,,,,0.9896791,3879796
122539,"[91.5, 41.2]",,Faouzi Ghoulam,Left Back,,Right Foot,,"[120.0, 43.8, 5.1]",True,,,Off T,Normal,Open Play,,,,0.0011716484,3879803
122540,"[110.3, 55.4]",,José María Callejón Bueno,Right Wing,,Right Foot,,"[113.0, 42.3]",,,,Wayward,Half Volley,Open Play,True,,,0.0051276293,3879803
122541,"[100.1, 43.0]",,Gonzalo Gerardo Higuaín,Center Forward,,Right Foot,,"[120.0, 42.9, 1.9]",True,,,Goal,Half Volley,Open Play,True,,,0.9844571,3879803
122544,"[108.1, 37.2]",,Raúl Albiol i Tortajada,Right Center Back,True,Head,,"[120.0, 34.3, 1.5]",,,,Off T,Normal,Open Play,True,,,0.004860387,3879803
122545,"[106.8, 40.9]",,José María Callejón Bueno,Right Wing,,Right Foot,,"[108.4, 40.7, 1.6]",True,,,Saved,Half Volley,Open Play,,,,0.0009328027,3879803
122548,"[97.7, 36.5]",,Gonzalo Gerardo Higuaín,Center Forward,,Right Foot,,"[120.0, 46.1, 5.8]",,,,Off T,Normal,Open Play,,,,0.0017095795,3879803
122549,"[113.6, 25.6]",,Lorenzo Insigne,Left Wing,,Right Foot,,"[120.0, 34.8, 1.1]",,,,Off T,Half Volley,Open Play,,,,0.007841875,3879803
122553,"[90.3, 51.7]",,Lorenzo Insigne,Right Wing,,Right Foot,,"[120.0, 46.1, 6.3]",,,,Off T,Normal,Open Play,,,,0.0007292722,3879803
122554,"[106.8, 57.6]",,Lorenzo Insigne,Right Wing,,Right Foot,,"[120.0, 34.5, 0.2]",True,,,Off T,Normal,Open Play,,,,0.0028677613,3879803
122556,"[109.8, 36.3]",,Omar El Kaddouri,Right Wing,,Head,,"[118.7, 38.9, 2.2]",,True,,Saved,Normal,Open Play,,,,0.0020824594,3879803
122557,"[92.0, 49.8]",,Dries Mertens,Left Wing,,Right Foot,,"[93.1, 49.4]",,,,Blocked,Normal,Open Play,True,,,0.00083011703,3879803
122558,"[112.6, 42.5]",,Marek Hamšík,Left Defensive Midfield,True,Head,,"[120.0, 45.9, 1.6]",,,,Off T,Normal,Open Play,True,,,0.010321131,3879803
122559,"[92.1, 28.8]",,Manolo Gabbiadini,Center Forward,,Left Foot,,"[96.3, 30.7]",,,,Blocked,Normal,Open Play,,,,0.0023020841,3879803
126715,"[108.7, 17.7]",,Lorenzo Insigne,Left Wing,,Right Foot,,"[120.0, 36.0, 1.7]",,,,Post,Normal,Free Kick,,,,0.0058596274,3879811
126716,"[96.2, 49.3]",,José María Callejón Bueno,Right Wing,,Right Foot,,"[120.0, 31.7, 0.2]",True,,,Off T,Volley,Open Play,,,,0.0042818524,3879811
126717,"[112.9, 31.4]",,Manolo Gabbiadini,Center Forward,,Left Foot,,"[120.0, 36.0, 0.6]",,,,Post,Half Volley,Open Play,,,,0.0077709854,3879811
126718,"[107.7, 26.6]",,Lorenzo Insigne,Left Wing,,Right Foot,,"[108.3, 27.3]",,,,Blocked,Normal,Open Play,True,,,0.001942303,3879811
126719,"[98.9, 35.0]",,José María Callejón Bueno,Right Wing,,Left Foot,,"[110.0, 36.8]",True,,,Blocked,Normal,Open Play,,,,0.0019560969,3879811
126720,"[107.7, 28.5]",,Manolo Gabbiadini,Center Forward,,Left Foot,,"[114.7, 35.8, 0.2]",,,,Saved,Normal,Open Play,,,,0.0020422263,3879811
126721,"[100.1, 50.0]",,José María Callejón Bueno,Right Wing,,Right Foot,,"[108.2, 38.2]",True,,,Wayward,Volley,Open Play,,,,0.0026379519,3879811
126724,"[115.0, 38.7]",,Manolo Gabbiadini,Center Forward,,Left Foot,,"[118.3, 38.3, 0.4]",True,,,Saved,Normal,Open Play,,,,0.005033369,3879811
126725,"[111.6, 49.9]",,David López Silva,Right Center Midfield,,Right Foot,,"[120.0, 34.1, 0.2]",,,,Off T,Half Volley,Open Play,True,,,0.00858985,3879811
126726,"[110.6, 50.4]",,José María Callejón Bueno,Right Wing,,Left Foot,,"[118.3, 41.1, 1.7]",True,,,Saved,Volley,Open Play,,,,0.0018825255,3879811
126727,"[108.2, 37.9]",,Manolo Gabbiadini,Center Forward,True,Head,,"[120.0, 38.9, 0.9]",,,,Goal,Normal,Open Play,True,,,0.9849118,3879811
126728,"[91.8, 50.2]",,Marek Hamšík,Left Center Midfield,,Right Foot,,"[120.0, 35.5, 3.6]",,,,Off T,Normal,Open Play,,,,0.002919165,3879811
126729,"[99.7, 28.3]",,Lorenzo Insigne,Left Wing,,Right Foot,,"[101.6, 29.7]",,,,Blocked,Normal,Open Play,,,,0.0022483936,3879811
126730,"[108.0, 40.0]",,Lorenzo Insigne,Left Wing,,Right Foot,,"[120.0, 36.3, 0.6]",,,,Goal,Normal,Penalty,,,,0.96572703,3879811
126731,"[96.4, 56.1]",,Manolo Gabbiadini,Center Forward,,Left Foot,,"[105.5, 50.5]",,,,Blocked,Normal,Free Kick,,,,0.0010116136,3879811
126732,"[91.3, 43.0]",,José María Callejón Bueno,Right Wing,,Right Foot,,"[102.7, 42.9]",,,,Blocked,Normal,Free Kick,,,,0.0029125148,3879811
126736,"[112.4, 42.0]",,José María Callejón Bueno,Center Forward,,Right Foot,,"[120.0, 40.2, 1.0]",True,,,Goal,Normal,Open Play,True,,,0.98211104,3879811
126738,"[103.8, 31.7]",,José María Callejón Bueno,Center Forward,,Right Foot,,"[120.0, 32.6, 0.8]",True,,,Off T,Half Volley,Open Play,,,,0.0030086453,3879811
126739,"[103.0, 21.6]",,Lorenzo Insigne,Left Wing,,Right Foot,,"[107.5, 27.3]",,,,Blocked,Normal,Open Play,,,,0.0011575144,3879811
130593,"[89.5, 36.2]",,Marek Hamšík,Left Center Midfield,,Right Foot,,"[117.3, 39.3, 1.1]",,,,Saved,Normal,Open Play,,,,0.0017745188,3879817
130594,"[86.8, 41.8]",,Lorenzo Insigne,Left Wing,,Right Foot,,"[120.0, 29.6, 0.3]",,,,Off T,Normal,Open Play,True,,,0.006712934,3879817
130595,"[87.4, 41.2]",,Allan Marques Loureiro,Right Center Midfield,,Right Foot,,"[117.3, 40.3, 2.0]",,,,Saved,Normal,Open Play,,,,0.002168668,3879817
130596,"[93.8, 29.6]",,Ivan Strinić,Left Back,,Left Foot,,"[100.6, 31.6]",True,,,Blocked,Half Volley,Open Play,,,,0.0012172126,3879817
130597,"[90.8, 42.8]",,Manolo Gabbiadini,Center Forward,,Left Foot,,"[100.0, 41.7]",,,,Blocked,Normal,Free Kick,,,,0.0041731643,3879817
130604,"[109.5, 55.2]",,José María Callejón Bueno,Right Wing,,Right Foot,,"[120.0, 33.0, 1.0]",True,,,Off T,Volley,Open Play,,,,0.004427285,3879817
130607,"[103.2, 27.0]",,Marek Hamšík,Left Center Midfield,,Left Foot,,"[120.0, 34.8, 3.5]",True,,,Off T,Normal,Open Play,,,,0.0010276928,3879817
130609,"[89.9, 44.6]",,Marek Hamšík,Left Center Midfield,,Left Foot,,"[120.0, 37.8, 6.5]",,,,Off T,Normal,Open Play,,,,0.005744421,3879817
130611,"[95.7, 25.4]",,Faouzi Ghoulam,Left Back,,Left Foot,,"[120.0, 33.2, 3.6]",,,,Off T,Normal,Open Play,,,,0.0018532606,3879817
130612,"[106.4, 50.1]",,José María Callejón Bueno,Right Wing,,Right Foot,,"[107.2, 49.9]",,,,Blocked,Half Volley,Open Play,True,,,0.0007893088,3879817
134719,"[98.5, 31.4]",,Marek Hamšík,Left Center Midfield,,Right Foot,,"[117.1, 41.7, 0.2]",,,,Saved,Normal,Open Play,,,,0.0024300735,3879827
134720,"[109.5, 31.1]",,Manolo Gabbiadini,Center Forward,,Left Foot,,"[120.0, 43.3, 0.6]",True,,,Goal,Half Volley,Open Play,,,,0.9888437,3879827
134721,"[108.2, 25.9]",,Marek Hamšík,Left Center Midfield,,Left Foot,,"[116.2, 37.4, 0.2]",,,,Saved,Half Volley,Open Play,True,,,0.004843235,3879827
134722,"[107.8, 34.6]",,Raúl Albiol i Tortajada,Right Center Back,True,Head,,"[118.5, 39.2, 2.4]",,,,Saved,Normal,Open Play,True,,,0.0012810364,3879827
134723,"[113.3, 42.5]",,Manolo Gabbiadini,Center Forward,,Head,,"[114.7, 42.4]",,,,Blocked,Normal,Open Play,,,,0.0061602304,3879827
134724,"[105.3, 36.0]",,Raúl Albiol i Tortajada,Right Center Back,,Right Foot,,"[120.0, 39.3, 4.9]",,,,Off T,Half Volley,Open Play,True,,,0.0029462257,3879827
134725,"[91.9, 33.6]",,Manolo Gabbiadini,Center Forward,,Left Foot,,"[115.6, 39.5, 0.2]",,,,Saved,Normal,Open Play,,,,0.0038894447,3879827
134726,"[113.9, 28.8]",,Dries Mertens,Left Wing,True,Head,,"[118.2, 36.7, 1.3]",,,,Saved,Normal,Open Play,True,,,0.0027225437,3879827
134729,"[92.7, 26.2]",,Dries Mertens,Left Wing,,Right Foot,,"[94.6, 27.0]",,,,Blocked,Normal,Open Play,,,,0.0021894742,3879827
134730,"[108.0, 40.0]",,Manolo Gabbiadini,Center Forward,,Left Foot,,"[120.0, 36.7, 0.2]",,,,Goal,Normal,Penalty,,,,0.98169404,3879827
134731,"[103.3, 43.6]",,Manolo Gabbiadini,Center Forward,,Left Foot,,"[120.0, 35.1, 3.9]",,,,Off T,Normal,Open Play,,,,0.0024368078,3879827
134732,"[98.5, 28.0]",,Dries Mertens,Left Wing,,Right Foot,,"[117.9, 39.0, 1.7]",,,,Saved,Normal,Open Play,,,,0.0025980005,3879827
134735,"[108.7, 26.8]",,Dries Mertens,Left Wing,,Left Foot,True,"[120.0, 37.8, 0.2]",,,,Goal,Normal,Open Play,,,,0.9854396,3879827
134736,"[106.9, 26.0]",,Dries Mertens,Left Wing,,Left Foot,,"[120.0, 35.6, 1.6]",,,,Off T,Normal,Open Play,,,,0.0030183427,3879827
134737,"[103.0, 40.0]",,Lorenzo Insigne,Left Wing,,Right Foot,,"[118.8, 37.8, 1.2]",,,,Saved,Volley,Open Play,,,,0.002064564,3879827
134739,"[106.9, 51.0]",,Dries Mertens,Center Forward,,Right Foot,,"[120.0, 43.3, 0.8]",,True,,Goal,Normal,Open Play,,,,0.97783536,3879827
134740,"[95.3, 38.6]",,Jorge Luiz Frello Filho,Center Defensive Midfield,,Right Foot,,"[120.0, 53.2, 0.2]",True,,,Off T,Normal,Open Play,,,,0.0024933254,3879827
134741,"[96.9, 43.4]",,Dries Mertens,Center Forward,,Right Foot,,"[120.0, 42.9, 2.3]",,,,Goal,Normal,Open Play,,,,0.9591667,3879827
134742,"[106.6, 33.9]",,David López Silva,Left Center Midfield,,Right Foot,,"[110.1, 35.7, 0.5]",,True,,Saved,Normal,Open Play,,,,0.0021256881,3879827
134743,"[108.3, 34.8]",,David López Silva,Left Center Midfield,,Other,,"[120.0, 41.5, 0.4]",True,,,Goal,Normal,Open Play,,,,0.981087,3879827
138565,"[94.8, 39.9]",,Dries Mertens,Left Wing,,Right Foot,,"[117.1, 42.5, 1.3]",,,,Saved,Normal,Open Play,,,,0.0029680466,3879845
138566,"[108.0, 40.4]",,Gonzalo Gerardo Higuaín,Center Forward,,Left Foot,,"[110.3, 40.4, 0.8]",,,,Saved,Normal,Open Play,,,,0.0035187907,3879845
138569,"[96.0, 43.9]",,Marek Hamšík,Left Center Midfield,,Right Foot,,"[120.0, 45.8, 6.1]",,,,Off T,Normal,Open Play,,,,0.0009732553,3879845
138570,"[106.7, 23.6]",,Marek Hamšík,Left Center Midfield,,Left Foot,True,"[117.1, 36.6, 0.9]",,,,Saved,Normal,Open Play,,,,0.0015034289,3879845
138575,"[104.5, 27.1]",,Dries Mertens,Left Wing,,Right Foot,,"[120.0, 47.4, 1.6]",,,,Off T,Normal,Open Play,True,,,0.0036054696,3879845
138576,"[94.6, 33.3]",,Dries Mertens,Left Wing,,Right Foot,,"[120.0, 45.3, 4.9]",,,,Off T,Normal,Open Play,,,,0.0021645227,3879845
138577,"[107.2, 56.6]",,José María Callejón Bueno,Right Wing,,Right Foot,,"[109.9, 52.5]",,,,Blocked,Normal,Open Play,,,,0.0007893088,3879845
138578,"[113.9, 31.3]",,Gonzalo Gerardo Higuaín,Center Forward,,Left Foot,,"[116.4, 34.5, 0.5]",True,,,Saved,Half Volley,Open Play,True,,,0.0027935794,3879845
138579,"[93.1, 27.3]",,Lorenzo Insigne,Left Wing,,Right Foot,,"[120.0, 46.2, 4.4]",,,,Off T,Normal,Open Play,,,,0.0018525374,3879845
143181,"[106.6, 23.4]",,Faouzi Ghoulam,Left Back,,Right Foot,,"[117.7, 37.2, 0.2]",,,,Saved,Normal,Open Play,True,,,0.0025227473,3879855
143182,"[113.2, 46.2]",,Gonzalo Gerardo Higuaín,Center Forward,,Right Foot,,"[120.0, 39.8, 1.1]",True,,,Goal,Volley,Open Play,,,,0.98542434,3879855
143183,"[86.3, 46.2]",,Lorenzo Insigne,Left Wing,,Right Foot,,"[117.0, 38.7, 0.2]",,,,Saved,Normal,Open Play,,,,0.0040430264,3879855
143184,"[94.0, 42.2]",,Lorenzo Insigne,Left Wing,,Right Foot,,"[117.1, 38.9, 2.0]",,,,Saved,Lob,Open Play,,,,0.0033075756,3879855
143185,"[90.6, 36.7]",,Allan Marques Loureiro,Right Center Midfield,,Right Foot,,"[119.1, 41.1, 2.4]",,,,Saved,Normal,Open Play,True,,,0.001423887,3879855
143186,"[107.3, 32.8]",,Lorenzo Insigne,Left Wing,,Right Foot,,"[120.0, 49.1, 1.1]",True,,,Off T,Overhead Kick,Open Play,,,,0.006672508,3879855
143188,"[94.5, 47.4]",,Elseid Hysaj,Right Back,,Right Foot,,"[100.8, 44.9]",True,,,Blocked,Volley,Open Play,True,,,0.0005976119,3879855
143189,"[112.1, 36.5]",,Gonzalo Gerardo Higuaín,Center Forward,,Left Foot,,"[112.9, 36.9]",True,,,Blocked,Normal,Open Play,True,,,0.0048478544,3879855
143190,"[103.6, 40.0]",,Marek Hamšík,Left Center Midfield,,Left Foot,,"[116.2, 39.2, 0.2]",,,,Saved,Normal,Open Play,True,,,0.0020511106,3879855
143191,"[94.4, 33.5]",,Lorenzo Insigne,Left Wing,,Right Foot,,"[118.8, 36.4, 0.4]",,,,Saved,Normal,Open Play,,,,0.0030038175,3879855
143192,"[97.3, 21.4]",,Marek Hamšík,Left Center Midfield,,Right Foot,,"[120.0, 35.0, 0.3]",,,,Off T,Normal,Open Play,,,,0.004098185,3879855
143193,"[107.9, 26.6]",,Allan Marques Loureiro,Right Center Midfield,,Right Foot,,"[120.0, 37.3, 2.8]",,,,Post,Normal,Open Play,,,,0.004594084,3879855
143194,"[102.5, 25.7]",,Dries Mertens,Left Wing,,Right Foot,,"[120.0, 45.7, 0.5]",,,,Off T,Normal,Open Play,True,,,0.00456497,3879855
143196,"[104.1, 53.6]",,José María Callejón Bueno,Right Wing,,Right Foot,,"[120.0, 41.3, 3.6]",True,,,Off T,Lob,Open Play,True,,,0.002243439,3879855
143197,"[104.0, 27.1]",,Dries Mertens,Left Wing,,Right Foot,,"[120.0, 44.7, 0.2]",,,,Off T,Normal,Open Play,True,,,0.004661838,3879855
143198,"[107.7, 42.2]",,Gonzalo Gerardo Higuaín,Center Forward,,Head,,"[120.0, 43.2, 0.4]",,,,Goal,Normal,Open Play,,,,0.985393,3879855
143201,"[108.2, 31.5]",,Dries Mertens,Left Wing,,Left Foot,,"[112.1, 34.0, 1.4]",,,,Saved,Normal,Open Play,,,,0.0020485998,3879855
143202,"[110.0, 38.5]",,Omar El Kaddouri,Right Wing,,Left Foot,,"[118.5, 37.8, 0.7]",True,,,Saved,Normal,Open Play,,,,0.0029801994,3879855
147000,"[109.2, 50.1]",,Gonzalo Gerardo Higuaín,Center Forward,,Head,,"[111.0, 48.9]",,,,Blocked,Normal,Open Play,,,,0.0019707896,3879862
147001,"[96.9, 44.7]",,Marek Hamšík,Left Center Midfield,,Right Foot,,"[105.6, 44.1]",,,,Blocked,Half Volley,Open Play,True,,,0.0007624461,3879862
147002,"[103.4, 48.5]",,Gonzalo Gerardo Higuaín,Center Forward,,Right Foot,True,"[118.4, 43.8, 0.9]",,,,Saved,Normal,Open Play,True,,,0.0011899768,3879862
147003,"[102.0, 36.8]",,Gonzalo Gerardo Higuaín,Center Forward,,Left Foot,,"[118.2, 38.1, 0.4]",True,,,Saved,Volley,Open Play,True,,,0.0016798906,3879862
147004,"[108.1, 30.3]",,Gonzalo Gerardo Higuaín,Center Forward,,Right Foot,,"[120.0, 43.2, 0.2]",,,,Goal,Normal,Open Play,True,,,0.9933976,3879862
147008,"[115.7, 41.5]",,José María Callejón Bueno,Right Wing,,Left Foot,,"[120.0, 39.6, 0.2]",True,,True,Goal,Normal,Open Play,True,,,0.97966236,3879862
147009,"[94.9, 37.4]",,Gonzalo Gerardo Higuaín,Center Forward,,Right Foot,,"[120.0, 44.1, 0.3]",,,,Post,Normal,Open Play,True,,,0.0038625048,3879862
147010,"[104.5, 39.5]",,Lorenzo Insigne,Left Wing,,Right Foot,,"[117.0, 39.7, 0.7]",True,,,Saved,Volley,Open Play,True,,,0.0015317767,3879862
147011,"[84.8, 43.6]",,Faouzi Ghoulam,Left Back,,Left Foot,,"[118.1, 38.3, 0.3]",,,,Saved,Normal,Free Kick,,,,0.0025844849,3879862
147012,"[113.0, 53.4]",,José María Callejón Bueno,Right Wing,,Right Foot,,"[120.0, 46.1, 0.4]",True,,,Off T,Half Volley,Open Play,True,,,0.013215408,3879862
147013,"[92.8, 48.0]",,Marek Hamšík,Left Center Midfield,,Right Foot,,"[120.0, 44.3, 5.6]",,,,Off T,Normal,Open Play,True,,,0.0009732553,3879862
147014,"[85.5, 22.8]",,Faouzi Ghoulam,Left Back,,Left Foot,,"[120.0, 34.7, 7.4]",,,,Off T,Normal,Open Play,,,,0.0018532606,3879862
147015,"[95.9, 52.3]",,Lorenzo Insigne,Left Wing,,Right Foot,,"[100.5, 50.2]",,,,Blocked,Normal,Open Play,,,,0.00083011703,3879862
147019,"[109.3, 56.9]",,Gonzalo Gerardo Higuaín,Center Forward,,Right Foot,,"[120.0, 42.4, 5.0]",,True,,Off T,Normal,Open Play,True,,,0.010577972,3879862
147020,"[99.4, 46.4]",,Lorenzo Insigne,Left Wing,,Left Foot,,"[120.0, 36.2, 6.3]",,,,Off T,Normal,Open Play,True,,,0.00330531,3879862
150701,"[109.4, 44.9]",,Gonzalo Gerardo Higuaín,Center Forward,,Right Foot,,"[120.0, 45.3, 1.4]",True,,,Off T,Half Volley,Open Play,True,,,0.011550166,3879867
150703,"[103.1, 56.7]",,Allan Marques Loureiro,Right Center Midfield,,Right Foot,,"[120.0, 34.1, 0.3]",,,,Off T,Normal,Open Play,,,,0.0028121674,3879867
150704,"[90.4, 41.1]",,Elseid Hysaj,Right Back,,Left Foot,,"[120.0, 50.7, 0.3]",True,,,Off T,Normal,Open Play,True,,,0.0017256637,3879867
150705,"[92.2, 29.3]",,Faouzi Ghoulam,Left Back,,Left Foot,,"[120.0, 41.2, 6.6]",,,,Off T,Normal,Free Kick,,,,0.0031098006,3879867
150706,"[94.4, 29.5]",,Lorenzo Insigne,Left Wing,,Right Foot,,"[117.9, 41.4, 0.6]",,,,Saved,Normal,Open Play,,,,0.0029996475,3879867
150707,"[104.8, 30.2]",,Lorenzo Insigne,Left Wing,,Right Foot,,"[116.3, 39.7]",True,,,Blocked,Volley,Open Play,,,,0.0015777015,3879867
150709,"[102.4, 27.8]",True,Lorenzo Insigne,Left Wing,,Right Foot,,"[120.0, 43.6, 2.8]",,,,Post,Normal,Open Play,,,,0.0041388804,3879867
150710,"[94.6, 31.4]",,Faouzi Ghoulam,Left Back,,Left Foot,,"[120.0, 46.9, 7.0]",True,,,Off T,Half Volley,Open Play,,,,0.0011036794,3879867
150711,"[114.6, 35.2]",,José María Callejón Bueno,Right Wing,,Right Foot,,"[115.4, 35.6]",True,,,Blocked,Half Volley,Open Play,,,,0.0025901033,3879867
150712,"[92.3, 31.4]",,Allan Marques Loureiro,Right Center Midfield,,Right Foot,,"[101.8, 34.6]",,,,Blocked,Normal,Open Play,,,,0.0014870053,3879867
150713,"[114.5, 53.6]",,José María Callejón Bueno,Right Wing,,Right Foot,,"[118.3, 45.4, 1.8]",True,,,Saved,Volley,Open Play,,,,0.0014344825,3879867
150714,"[105.9, 34.7]",,Vlad Iulian Chiricheș,Right Center Back,,Right Foot,,"[118.2, 39.4, 0.3]",True,,,Saved,Volley,Open Play,,,,0.0019961912,3879867
150715,"[112.8, 48.9]",,José María Callejón Bueno,Right Wing,,Right Foot,,"[116.8, 42.5, 1.6]",True,,,Saved,Normal,Open Play,,,,0.0032365832,3879867
150716,"[93.5, 38.7]",,Allan Marques Loureiro,Right Center Midfield,,Right Foot,,"[96.4, 38.8]",,,,Blocked,Normal,Open Play,,,,0.0021727795,3879867
150717,"[90.1, 27.7]",,Jorge Luiz Frello Filho,Center Defensive Midfield,,Right Foot,,"[104.9, 33.4]",,,,Blocked,Normal,Open Play,,,,0.0015936808,3879867
150718,"[105.5, 34.8]",,Lorenzo Insigne,Left Wing,,Right Foot,,"[112.7, 35.9]",,,,Blocked,Normal,Open Play,,,,0.0018009072,3879867
150719,"[99.9, 28.6]",,Marek Hamšík,Left Center Midfield,,Left Foot,,"[117.1, 40.8, 0.5]",True,,,Saved,Normal,Open Play,,,,0.002015415,3879867
150720,"[114.5, 37.1]",,Marek Hamšík,Left Center Midfield,,Left Foot,,"[120.0, 37.2, 2.0]",True,,,Goal,Half Volley,Open Play,True,,,0.9797441,3879867
150721,"[111.7, 52.9]",,José María Callejón Bueno,Right Wing,,Right Foot,,"[116.9, 44.2]",True,,,Blocked,Half Volley,Open Play,,,,0.002098233,3879867
150722,"[107.7, 39.9]",,Vlad Iulian Chiricheș,Right Center Back,,Right Foot,,"[120.0, 43.9, 6.8]",True,,,Off T,Half Volley,Open Play,True,,,0.0031407557,3879867
150723,"[96.9, 44.2]",,Gonzalo Gerardo Higuaín,Center Forward,,Right Foot,,"[120.0, 45.9, 7.0]",,,,Off T,Normal,Open Play,,,,0.0013916297,3879867
150725,"[102.6, 50.6]",,Marek Hamšík,Left Center Midfield,,Right Foot,,"[107.7, 48.5]",True,,,Blocked,Half Volley,Open Play,,,,0.00081734656,3879867
150726,"[114.7, 43.8]",,Gonzalo Gerardo Higuaín,Center Forward,,Right Foot,,"[120.0, 43.0, 0.6]",True,,,Goal,Volley,Open Play,,,,0.99234164,3879867
150728,"[99.3, 24.6]",,Lorenzo Insigne,Left Wing,,Right Foot,,"[120.0, 47.5, 1.5]",,,,Off T,Normal,Open Play,,,,0.0036752545,3879867
150729,"[115.2, 46.9]",,Gonzalo Gerardo Higuaín,Center Forward,,Right Foot,,"[120.0, 37.1, 1.4]",True,,,Goal,Volley,Open Play,,,,0.9859352,3879867
150732,"[95.1, 29.1]",,Marek Hamšík,Left Center Midfield,,Left Foot,,"[98.3, 30.5]",,,,Blocked,Normal,Open Play,,,,0.001395408,3879867
150733,"[104.3, 32.2]",,Faouzi Ghoulam,Left Back,,Left Foot,,"[116.6, 37.5, 0.7]",True,,,Saved,Normal,Open Play,,,,0.0012941178,3879867
150734,"[100.4, 31.4]",,Marek Hamšík,Left Center Midfield,,Right Foot,,"[120.0, 42.7, 5.2]",True,,,Off T,Normal,Open Play,,,,0.0048477626,3879867
150735,"[103.2, 37.2]",,Gonzalo Gerardo Higuaín,Center Forward,,Right Foot,,"[120.0, 39.5, 1.8]",,,,Goal,Volley,Open Play,True,,,0.94677883,3879867
150739,"[106.8, 32.3]",,Marek Hamšík,Left Center Midfield,,Left Foot,,"[120.0, 26.8, 0.4]",True,,,Off T,Volley,Open Play,,,,0.0044135735,3879867
150740,"[97.8, 54.1]",,Lorenzo Insigne,Right Wing,,Right Foot,,"[116.3, 45.1, 0.2]",,,,Saved,Normal,Open Play,,,,0.00057128,3879867
150741,"[107.8, 21.2]",,Faouzi Ghoulam,Left Back,,Left Foot,,"[109.7, 24.7]",,,,Blocked,Normal,Open Play,,,,0.0011707474,3879867
150742,"[112.4, 36.4]",,Dries Mertens,Left Wing,,Head,,"[117.9, 37.8, 0.9]",,True,,Saved,Normal,Open Play,,,,0.00384514,3879867
